TestDate,Time,MIS,Point 1571,Point 1572,Point 1573,Point 1574,Point 1575,Point 1576,Temperature,Current,RCTA Occupied BW,BSD Occupied BW,Power,Point 1481,Point 1666,Point 1667,Point 1668,Point 1669,Antenna1 GetTxPower,Antenna2 GetTxPower,Antenna1 GetCenterFrequency,Antenna2 GetCenterFrequency,Antenna1 GetCwLeakage,Antenna2 GetCwLeakage,Temperature,Delta,,
2016-09-11,00:01:05,180980130801,62347,3487A,16W37,01180,98013,0801,28.59419,267.208,174.819,84.226,12.469902,2427,20,4,20,4,12.440786,7.171657,24.201414,24.201414,34.246439,31.814731,35.26178,6.667590,
2016-09-11,00:02:50,180980130811,62347,3487A,16W37,01180,98013,0811,28.34205,264.376,173.661,84.226,12.419929,2450,16,4,16,4,12.418056,7.243285,24.201389,24.201390,30.185705,28.174501,34.67346,6.331410,
2016-09-11,00:04:50,180980130821,62347,3487A,16W37,01180,98013,0821,28.87434,266.305,174.819,83.792,12.304811,2445,11,4,11,4,12.269161,6.866501,24.201199,24.201199,34.173029,31.608138,34.84155,5.967210,
2016-09-11,00:23:01,180980130503,62347,3487A,16W37,01180,98013,0503,28.28602,265.520,174.240,83.792,12.395936,2458,13,4,13,4,12.437101,7.524391,24.201232,24.201232,36.402362,34.101743,34.44934,6.163320,
2016-09-11,00:24:40,180980130432,62347,3487A,16W37,01180,98013,0432,28.34205,268.871,174.240,84.226,12.454089,2428,21,4,21,4,12.405901,6.910931,24.201413,24.201413,37.275721,34.685795,35.23376,6.891710,
2016-09-11,00:26:33,180980130493,62347,3487A,16W37,01180,98013,0493,28.45411,265.845,171.346,84.226,12.452982,2423,24,4,24,4,12.431276,6.328074,24.201298,24.201297,32.566167,29.989781,35.26178,6.807670,
2016-09-11,00:28:16,180980130414,62347,3487A,16W37,01180,98013,0414,28.56617,267.937,173.082,84.660,12.432935,2449,13,4,13,4,12.869240,6.504015,24.201394,24.201393,31.797618,29.967550,34.64545,6.079280,
2016-09-11,00:29:59,180980130514,62347,3487A,16W37,01180,98013,0514,28.84632,267.916,171.925,84.226,12.412404,2432,14,4,14,4,12.430113,7.175392,24.201541,24.201541,32.241357,30.092830,35.17773,6.331410,
2016-09-11,00:31:48,180980130654,62347,3487A,16W37,01180,98013,0654,28.93037,269.031,173.082,84.226,12.344052,2432,12,4,12,4,12.799388,7.905504,24.201356,24.201356,30.948269,29.134144,35.17773,6.247360,
2016-09-11,00:33:27,180980130854,62347,3487A,16W37,01180,98013,0854,28.25801,265.098,171.346,83.792,12.331724,2454,12,4,12,4,12.338883,7.425426,24.201438,24.201437,32.394220,30.151548,34.67346,6.415450,
2016-09-11,00:35:04,180980130874,62347,3487A,16W37,01180,98013,0874,28.14595,266.967,174.240,84.226,12.320481,2458,12,4,12,4,12.303656,7.372528,24.201372,24.201372,33.215430,31.482303,34.53339,6.387440,
2016-09-11,00:36:52,180980130864,62347,3487A,16W37,01180,98013,0864,28.28602,265.685,173.661,83.792,12.415947,2409,27,4,27,4,12.650136,6.509796,24.201303,24.201303,34.404441,31.724403,35.682,7.395980,
2016-09-11,00:38:41,180980130474,62347,3487A,16W37,01180,98013,0474,28.6222,269.009,174.240,84.226,12.356246,2428,17,4,17,4,12.319113,7.140761,24.201340,24.201340,32.549454,30.534336,35.28979,6.667590,
2016-09-11,00:40:27,180980130884,62347,3487A,16W37,01180,98013,0884,28.4261,268.053,173.082,83.792,12.313479,2448,15,4,15,4,12.330541,6.471879,24.201407,24.201407,37.167222,34.010458,34.72949,6.303390,
2016-09-11,00:42:35,180980130894,62347,3487A,16W37,01180,98013,0894,27.92183,267.491,172.504,84.226,12.454533,2433,22,4,22,4,12.449693,6.193327,24.201328,24.201328,36.920656,33.069735,35.1217,7.199870,
2016-09-11,00:44:32,180980130624,62347,3487A,16W37,01180,98013,0624,28.51014,267.287,173.082,84.226,12.359000,2439,16,4,16,4,12.393163,7.693504,24.201355,24.201354,31.691697,30.387133,34.95361,6.443470,
2016-09-11,00:46:10,180980130464,62347,3487A,16W37,01180,98013,0464,28.48213,267.977,170.767,83.792,12.269661,2448,10,4,10,4,12.308305,7.398017,24.201343,24.201342,32.793342,30.897814,34.84155,6.359420,
2016-09-11,00:47:48,180980129234,62347,3487A,16W37,01180,98012,9234,27.92183,265.518,173.661,84.660,12.391212,2455,16,4,16,4,12.408816,6.956778,24.201327,24.201327,31.744004,29.968932,34.5614,6.639570,
2016-09-11,00:49:22,180980129224,62347,3487A,16W37,01180,98012,9224,28.45411,267.423,174.240,84.660,12.400344,2433,16,4,16,4,12.398726,6.601507,24.201411,24.201411,30.999562,28.969151,35.20575,6.751640,
2016-09-11,00:51:45,180980129404,62347,3487A,16W37,01180,98012,9404,28.84632,269.578,171.925,84.226,12.234281,2447,10,4,10,4,12.211918,6.759784,24.201209,24.201209,38.143586,35.746023,34.81354,5.967220,
2016-09-11,00:53:33,180980129214,62347,3487A,16W37,01180,98012,9214,29.12648,259.818,173.661,84.660,12.366614,2400,20,4,20,4,12.384405,7.440278,24.201398,24.201397,29.155361,27.590044,36.07421,6.947730,
2016-09-11,00:55:16,180980129384,62347,3487A,16W37,01180,98012,9384,28.22999,264.953,172.504,84.226,12.467732,2445,15,4,15,4,12.438275,6.772803,24.201298,24.201298,34.284455,32.406376,34.86957,6.639580,
2016-09-11,00:57:20,180980129414,62347,3487A,16W37,01180,98012,9414,28.81831,265.948,174.240,84.226,12.424907,2426,17,4,17,4,12.408475,6.936568,24.201213,24.201213,31.579984,29.837853,35.37384,6.555530,
2016-09-11,00:59:07,180980129434,62347,3487A,16W37,01180,98012,9434,28.6222,268.293,174.819,83.792,12.434129,2406,25,4,25,4,11.773914,7.094837,24.201376,24.201375,29.411996,27.994172,35.87811,7.255910,
2016-09-11,01:07:43,180980129453,62347,3487A,16W37,01180,98012,9453,29.15449,269.322,170.767,84.226,12.393318,2409,16,4,16,4,12.337030,6.911017,24.201372,24.201372,30.463247,28.923517,35.82208,6.667590,
2016-09-11,01:09:41,180980129604,62347,3487A,16W37,01180,98012,9604,28.53816,265.667,174.819,84.226,12.396684,2416,22,4,22,4,12.339615,7.282428,24.201341,24.201340,31.648356,29.425584,35.59796,7.059800,
2016-09-11,01:14:25,180980129611,62347,3487A,16W37,01180,98012,9611,28.31404,264.511,174.240,83.792,12.459846,2442,18,4,18,4,12.448917,7.411397,24.201349,24.201348,31.996740,30.757691,34.86957,6.555530,
2016-09-11,01:18:31,180980129621,62347,3487A,16W37,01180,98012,9621,28.28602,267.217,173.082,84.226,12.458195,2417,24,4,24,4,12.451843,6.628431,24.201477,24.201477,32.964143,30.491512,35.4859,7.199880,
2016-09-11,01:20:22,180980129591,62347,3487A,16W37,01180,98012,9591,28.67823,268.855,174.240,84.226,12.293456,2434,13,4,13,4,12.742315,7.615081,24.201312,24.201312,43.060330,37.883551,35.17773,6.499500,
2016-09-11,01:22:13,180980115681,62347,3487A,16W37,01180,98011,5681,28.08992,266.545,171.346,84.226,12.021886,2422,27,4,27,4,11.991299,6.595003,24.201404,24.201404,30.667823,29.094428,35.37384,7.283920,
2016-09-11,01:27:45,180980129663,62347,3487A,16W37,01180,98012,9663,28.39808,267.721,174.240,84.226,12.282633,2451,15,4,15,4,12.283431,7.048966,24.201416,24.201416,32.241007,30.345644,34.61743,6.219350,
2016-09-11,01:30:22,180980129674,62347,3487A,16W37,01180,98012,9674,27.69771,268.687,173.661,83.792,12.327778,2452,16,4,16,4,12.379701,7.995196,24.201328,24.201328,31.954535,30.265944,34.70148,7.003770,
2016-09-11,01:42:07,155080365416,62347,3435A,16W37,01155,08036,5416,28.84632,287.791,170.767,84.226,12.286423,2434,10,4,10,4,12.260264,6.160566,24.201612,24.201612,31.976269,29.253036,35.23376,6.387440,
2016-09-11,01:44:15,155080365452,62347,3435A,16W37,01155,08036,5452,27.92183,287.339,173.661,84.226,12.413864,2467,9,4,9,4,12.425012,7.066905,24.201580,24.201579,33.277032,31.324685,34.3653,6.443470,
2016-09-11,01:46:00,155080365432,62347,3435A,16W37,01155,08036,5432,28.51014,287.252,173.661,84.660,12.478450,2402,23,4,23,4,12.512838,6.552934,24.201566,24.201565,30.969723,28.567931,36.01818,7.508040,
2016-09-11,01:49:03,155080365445,62347,3435A,16W37,01155,08036,5445,28.73426,286.800,173.661,84.226,12.427389,2415,20,4,20,4,12.429792,5.889787,24.201578,24.201578,32.399967,29.469591,35.65399,6.919730,
2016-09-11,01:50:47,155080365464,62347,3435A,16W37,01155,08036,5464,28.70625,284.481,173.661,84.660,12.457044,2412,22,4,22,4,12.401327,6.922457,24.201601,24.201601,31.061900,29.044229,35.682,6.975750,
2016-09-11,01:53:30,155080365482,62347,3435A,16W37,01155,08036,5482,28.31404,285.738,173.661,84.226,12.210012,2455,11,4,11,4,12.226911,6.072635,24.201666,24.201665,30.526571,28.011341,34.67346,6.359420,
2016-09-11,01:56:29,155080365495,62347,3435A,16W37,01155,08036,5495,27.83778,284.528,175.398,84.226,12.403894,2445,17,4,17,4,12.416430,6.503870,24.201591,24.201590,35.512429,33.330296,34.9256,7.087820,
2016-09-11,02:00:31,155080365514,62347,3435A,16W37,01155,08036,5514,28.51014,286.465,172.504,84.226,12.375517,2430,14,4,14,4,12.318725,6.422700,24.201583,24.201582,29.802847,27.880191,35.34582,6.835680,
2016-09-11,02:07:04,155080365543,62347,3435A,16W37,01155,08036,5543,27.75374,285.373,171.925,83.792,12.394712,2446,17,4,17,4,12.358449,7.129163,24.201613,24.201613,32.911164,31.201396,34.86957,7.115830,
2016-09-11,02:13:27,155080365573,62347,3435A,16W37,01155,08036,5573,28.6222,283.750,174.240,83.792,12.497095,2415,18,4,18,4,12.441645,6.394570,24.201561,24.201560,36.955643,33.835651,35.65399,7.031790,
2016-09-11,02:15:20,155080365583,62347,3435A,16W37,01155,08036,5583,28.17396,281.440,174.819,84.226,12.320876,2459,11,4,11,4,12.337289,8.445131,24.201628,24.201627,38.850758,38.078716,34.47736,6.303400,
2016-09-11,02:17:23,155080365594,62347,3435A,16W37,01155,08036,5594,28.25801,282.145,174.240,83.792,12.396570,2435,16,4,16,4,12.380701,6.719197,24.201621,24.201620,32.974572,31.216231,35.1217,6.863690,
2016-09-11,02:20:44,155080365611,62347,3435A,16W37,01155,08036,5611,27.8658,288.392,173.082,83.792,12.391115,2447,15,4,15,4,12.426319,7.305853,24.201656,24.201655,32.990388,31.962828,34.84155,6.975750,
2016-09-11,02:22:23,155080365621,62347,3435A,16W37,01155,08036,5621,28.56617,287.944,174.819,84.226,12.405509,2407,19,4,19,4,12.410606,6.602067,24.201527,24.201526,45.630685,39.505969,35.93414,7.367970,
2016-09-11,02:24:13,155080365631,62347,3435A,16W37,01155,08036,5631,28.59419,287.341,174.240,83.792,12.433692,2416,19,4,19,4,12.401583,7.916521,24.201620,24.201620,33.801916,32.084558,35.682,7.087810,
2016-09-11,02:27:36,155080365653,62347,3435A,16W37,01155,08036,5653,28.48213,288.663,173.661,83.792,12.324422,2397,27,4,27,4,12.262736,7.560313,24.201623,24.201622,48.002512,43.392079,36.15826,7.676130,
2016-09-11,02:29:31,155080365663,62347,3435A,16W37,01155,08036,5663,27.89381,286.942,171.925,84.226,11.994633,2423,27,4,27,4,11.957970,6.740413,24.201580,24.201580,29.967666,28.138475,35.34582,7.452010,
2016-09-11,02:32:38,155080366924,62347,3435A,16W37,01155,08036,6924,28.25801,289.268,174.240,84.226,12.384359,2440,13,4,13,4,12.363174,6.959826,24.201677,24.201676,32.429327,30.713567,35.1217,6.863690,
2016-09-11,02:34:29,155080367554,62347,3435A,16W37,01155,08036,7554,28.28602,287.260,171.346,84.226,12.389823,2443,13,4,13,4,12.364743,7.593674,24.201635,24.201634,30.882562,29.114645,35.00964,6.723620,
2016-09-11,02:36:17,155080367404,62347,3435A,16W37,01155,08036,7404,27.94984,285.782,173.082,84.226,12.450105,2420,24,4,24,4,12.457791,6.085733,24.201595,24.201594,30.002411,28.017692,35.56994,7.620100,
2016-09-11,02:38:07,155080367354,62347,3435A,16W37,01155,08036,7354,28.03389,290.833,174.240,84.226,12.213449,2454,12,4,12,4,12.248857,7.202225,24.201661,24.201661,32.034787,30.598112,34.64545,6.611560,
2016-09-11,02:41:27,155080367101,62347,3435A,16W37,01155,08036,7101,28.76228,288.052,172.504,84.226,12.303010,2441,11,4,11,4,12.269591,7.786099,24.201694,24.201692,31.913162,30.222504,35.06567,6.303390,
2016-09-11,02:43:04,155080367851,62347,3435A,16W37,01155,08036,7851,28.81831,288.408,174.819,83.792,12.322795,2409,16,4,16,4,12.333755,8.233960,24.201663,24.201662,30.867743,29.509244,35.90612,7.087810,
2016-09-11,02:44:53,155080367411,62347,3435A,16W37,01155,08036,7411,28.00587,291.628,174.240,84.226,12.474033,2456,14,4,14,4,12.493734,7.293643,24.201598,24.201597,31.298923,29.407618,34.61743,6.611560,
2016-09-11,02:48:59,155080367861,62347,3435A,16W37,01155,08036,7861,28.39808,287.263,174.819,83.792,12.428768,2419,18,4,18,4,12.425041,7.381713,24.201637,24.201637,34.340837,32.183989,35.62597,7.227890,
2016-09-11,02:50:46,155080367111,62347,3435A,16W37,01155,08036,7111,28.67823,289.460,170.767,84.226,12.377088,2427,15,4,15,4,12.504889,7.592615,24.201680,24.201680,31.892883,30.910950,35.37384,6.695610,
2016-09-11,02:56:19,155080367874,62347,3435A,16W37,01155,08036,7874,27.92183,288.286,171.925,84.226,12.371098,2463,9,4,9,4,12.344161,8.369723,24.201677,24.201676,30.370468,28.528007,34.5614,6.639570,
2016-09-11,03:09:14,155080367902,62347,3435A,16W37,01155,08036,7902,28.90236,289.264,173.082,82.489,12.270425,2429,10,4,10,4,12.292564,9.054930,24.201680,24.201679,29.917129,28.456456,35.42987,6.527510,
2016-09-11,03:13:25,155080367691,62347,3435A,16W37,01155,08036,7691,29.15449,288.677,174.240,83.792,12.222255,2439,9,4,9,4,12.197435,7.658661,24.201687,24.201686,31.541092,29.835241,35.06567,5.911180,
2016-09-11,03:18:08,155080367142,62347,3435A,16W37,01155,08036,7142,28.6222,289.168,171.925,83.792,12.417612,2449,11,4,11,4,12.441134,6.710636,24.201711,24.201711,34.653942,32.483066,34.72949,6.107290,
2016-09-11,03:19:48,155080367212,62347,3435A,16W37,01155,08036,7212,29.18251,288.267,174.240,84.226,12.489774,2416,16,4,16,4,12.495188,6.713258,24.201640,24.201639,30.453342,28.387159,35.682,6.499490,
2016-09-11,03:40:46,155080367614,62347,3435A,16W37,01155,08036,7614,27.61366,288.975,173.082,84.226,12.426389,2476,10,4,10,4,12.430966,7.321372,24.201749,24.201748,29.995816,28.262905,34.11316,6.499500,
2016-09-11,03:42:32,155080367624,62347,3435A,16W37,01155,08036,7624,27.36153,285.282,173.661,81.621,12.470701,2483,11,4,11,4,12.473256,8.857891,24.201666,24.201665,30.332739,29.031054,33.88904,6.527510,
2016-09-11,03:45:44,155080367603,62347,3435A,16W37,01155,08036,7603,28.4261,287.387,173.661,83.357,12.404668,2448,10,4,10,4,12.373013,7.025771,24.201629,24.201628,37.171356,34.484680,34.89758,6.471480,
2016-09-11,03:49:58,155080367641,62347,3435A,16W37,01155,08036,7641,28.95839,283.840,174.240,84.226,12.424276,2410,15,4,15,4,12.322033,7.166998,24.201671,24.201670,31.657280,29.610292,35.87811,6.919720,
2016-09-11,03:58:12,155080367711,62347,3435A,16W37,01155,08036,7711,28.73426,289.719,174.819,83.792,12.430339,2439,14,4,14,4,12.407445,7.541962,24.201634,24.201633,30.949030,29.101398,35.03766,6.303400,
2016-09-11,04:02:13,155080367725,62347,3435A,16W37,01155,08036,7725,27.10939,289.676,173.661,84.660,12.286930,2484,13,4,13,4,12.287078,7.875262,24.201666,24.201665,31.672333,29.825180,33.805,6.695610,
2016-09-11,04:05:38,155080367731,62347,3435A,16W37,01155,08036,7731,28.00587,289.547,171.925,84.660,12.354736,2453,14,4,14,4,12.278799,7.808517,24.201660,24.201659,31.592446,29.629612,34.67346,6.667590,
2016-09-11,04:11:07,155080367742,62347,3435A,16W37,01155,08036,7742,29.07045,285.134,175.398,83.792,12.102648,2443,9,4,9,4,12.098713,8.568082,24.201665,24.201664,29.956977,28.227746,34.9256,5.855150,
2016-09-11,04:12:53,155080367433,62347,3435A,16W37,01155,08036,7433,28.25801,289.220,170.767,83.792,12.349196,2429,18,4,18,4,12.341785,7.119273,24.201611,24.201611,39.185097,37.781896,35.31781,7.059800,
2016-09-11,04:14:54,155080367774,62347,3435A,16W37,01155,08036,7774,27.78175,288.583,174.819,83.792,12.441267,2453,15,4,15,4,12.392852,8.495814,24.201630,24.201630,30.702097,28.802301,34.67346,6.891710,
2016-09-11,04:16:34,155080367783,62347,3435A,16W37,01155,08036,7783,28.45411,288.431,171.925,84.226,12.436680,2446,10,4,10,4,12.433220,7.634920,24.201622,24.201621,31.549509,29.489856,34.98163,6.527520,
2016-09-11,04:18:22,155080367793,62347,3435A,16W37,01155,08036,7793,29.12648,290.547,174.240,84.226,12.337002,2417,13,4,13,4,12.402105,8.039996,24.201662,24.201662,29.949006,28.219367,35.682,6.555520,
2016-09-11,04:23:14,155080367841,62347,3435A,16W37,01155,08036,7841,28.76228,286.275,174.819,83.792,12.489098,2448,11,4,11,4,12.438575,8.642685,24.201607,24.201607,31.644214,30.246162,34.75751,5.995230,
2016-09-11,04:25:36,155080367803,62347,3435A,16W37,01155,08036,7803,29.63075,287.013,174.240,83.792,12.406964,2383,18,4,18,4,12.432907,7.573040,24.201618,24.201617,32.654808,30.364142,36.52246,6.891710,
2016-09-11,04:27:48,155080367833,62347,3435A,16W37,01155,08036,7833,28.20198,287.154,173.661,83.792,12.466995,2436,14,4,14,4,12.455017,7.346169,24.201672,24.201671,32.089703,30.006432,35.17773,6.975750,
2016-09-11,04:32:27,155080367765,62347,3435A,16W37,01155,08036,7765,28.17396,289.090,174.819,84.226,12.281808,2443,12,4,12,4,12.254303,6.661490,24.201549,24.201548,32.662353,30.081438,35.00964,6.835680,
2016-09-11,04:35:44,155080367584,62347,3435A,16W37,01155,08036,7584,28.51014,287.783,174.240,84.226,12.142797,2458,8,4,8,4,12.167733,7.812572,24.201661,24.201660,27.140610,25.914402,34.58942,6.079280,
2016-09-11,04:38:29,155080365912,62347,3435A,16W37,01155,08036,5912,28.00587,289.340,173.661,84.226,12.244186,2420,25,4,25,4,12.450963,7.317699,24.201637,24.201636,29.549228,28.130151,35.45788,7.452010,
2016-09-11,04:40:40,155080365954,62347,3435A,16W37,01155,08036,5954,28.84632,289.039,171.346,84.226,12.411752,2385,22,4,22,4,12.391520,6.208465,24.201586,24.201585,31.074139,28.565804,36.49444,7.648120,
2016-09-11,04:50:02,155080365993,62347,3435A,16W37,01155,08036,5993,27.64168,285.297,171.925,84.226,12.179288,2422,27,4,27,4,12.163471,5.912590,24.201578,24.201578,29.604470,27.606896,35.37384,7.732160,
2016-09-11,04:52:09,155080366015,62347,3435A,16W37,01155,08036,6015,28.20198,288.133,173.082,84.226,12.446665,2424,19,4,19,4,12.456120,6.738410,24.201608,24.201608,31.259826,28.703183,35.37384,7.171860,
2016-09-11,04:53:53,155080366025,62347,3435A,16W37,01155,08036,6025,28.25801,287.639,172.504,84.226,12.436528,2452,10,4,10,4,12.368756,6.675176,24.201588,24.201588,30.658036,28.287188,34.75751,6.499500,
2016-09-11,04:55:37,155080366035,62347,3435A,16W37,01155,08036,6035,28.11793,289.458,174.819,84.226,12.395491,2449,13,4,13,4,12.406882,7.533962,24.201778,24.201777,29.416743,27.778533,34.86957,6.751640,
2016-09-11,04:58:37,155080366052,62347,3435A,16W37,01155,08036,6052,28.39808,285.604,171.925,84.226,12.446410,2423,22,4,22,4,12.361615,7.284963,24.201651,24.201650,30.642886,28.846552,35.40185,7.003770,
2016-09-11,05:00:28,155080366072,62347,3435A,16W37,01155,08036,6072,28.70625,287.982,172.504,84.660,12.248370,2451,10,4,10,4,12.235624,7.388885,24.201624,24.201624,30.340141,28.538259,34.70148,5.995230,
2016-09-11,05:06:44,155080366093,62347,3435A,16W37,01155,08036,6093,28.31404,289.519,170.767,84.226,12.022769,2440,9,4,9,4,12.039225,6.249121,24.201595,24.201594,29.059050,26.989072,35.20575,6.891710,
2016-09-11,05:09:29,155080366083,62347,3435A,16W37,01155,08036,6083,28.45411,287.322,172.504,84.226,12.319143,2444,13,4,13,4,12.322815,7.518221,24.201683,24.201682,31.282633,28.957198,34.86957,6.415460,
2016-09-11,05:14:11,155080366111,62347,3435A,16W37,01155,08036,6111,28.95839,289.337,169.609,84.226,12.399265,2425,15,4,15,4,12.403288,6.580781,24.201619,24.201618,30.634354,28.150172,35.42987,6.471480,
2016-09-11,05:15:48,155080366132,62347,3435A,16W37,01155,08036,6132,28.6222,287.323,174.819,84.226,12.454106,2405,23,4,23,4,12.455770,7.266085,24.201638,24.201637,35.080923,32.957683,35.90612,7.283920,
2016-09-11,05:17:32,155080366152,62347,3435A,16W37,01155,08036,6152,28.48213,287.157,173.082,84.226,12.336293,2447,12,4,12,4,12.354796,6.417832,24.201570,24.201569,30.594150,28.216520,34.86957,6.387440,
2016-09-11,05:19:08,155080366162,62347,3435A,16W37,01155,08036,6162,29.23854,288.539,173.082,83.792,12.391223,2404,17,4,17,4,12.383849,7.841806,24.201569,24.201569,32.996791,31.665786,35.99017,6.751630,
2016-09-11,05:20:43,155080366171,62347,3435A,16W37,01155,08036,6171,28.95839,288.452,174.240,83.792,12.449860,2430,12,4,12,4,12.449102,7.842987,24.201647,24.201646,31.843290,30.979662,35.31781,6.359420,
2016-09-11,05:22:23,155080366181,62347,3435A,16W37,01155,08036,6181,28.79029,289.846,171.925,83.792,12.285525,2429,13,4,13,4,12.268708,7.809812,24.201583,24.201582,30.781047,29.556081,35.28979,6.499500,
2016-09-11,05:24:04,155080366191,62347,3435A,16W37,01155,08036,6191,28.37007,286.539,174.240,83.357,12.407077,2451,12,4,12,4,12.398169,8.209013,24.201578,24.201577,30.044832,28.552661,34.72949,6.359420,
2016-09-11,05:25:42,155080366223,62347,3435A,16W37,01155,08036,6223,28.37007,290.309,171.346,84.226,12.288854,2437,12,4,12,4,12.329234,7.247362,24.201551,24.201550,30.098824,28.084727,35.17773,6.807660,
2016-09-11,05:28:07,155080366194,62347,3435A,16W37,01155,08036,6194,28.9864,291.308,171.925,84.226,12.260540,2444,11,4,11,4,12.284307,8.167611,24.201568,24.201567,29.886422,28.468156,34.84155,5.855150,
2016-09-11,05:35:43,155080364852,62347,3435A,16W37,01155,08036,4852,29.15449,291.862,173.661,79.450,12.461776,2358,14,5,14,5,12.447713,6.376401,24.201642,24.201641,39.378865,34.413738,37.05474,7.900250,
2016-09-11,05:41:16,155080364894,62347,3435A,16W37,01155,08036,4894,29.40663,294.341,173.082,79.450,12.165955,2360,27,4,27,4,12.154320,6.573322,24.201215,24.201214,39.451365,34.834197,37.11077,7.704140,
2016-09-11,05:43:09,155080364914,62347,3435A,16W37,01155,08036,4914,28.79029,291.693,173.082,78.582,12.301569,2367,14,5,14,5,12.268877,6.533292,24.201593,24.201593,40.317822,37.681751,36.83062,8.040330,
2016-09-11,05:45:02,155080364904,62347,3435A,16W37,01155,08036,4904,28.90236,291.965,173.661,78.582,12.251484,2367,12,5,12,5,12.247197,6.503924,24.201674,24.201673,34.549501,32.064548,36.85863,7.956270,
2016-09-11,05:47:08,155080364934,62347,3435A,16W37,01155,08036,4934,28.37007,286.998,174.240,79.884,12.371991,2445,15,4,15,4,12.390661,6.185232,24.201569,24.201568,35.093456,32.723040,34.86957,6.499500,
2016-09-11,05:50:22,155080364871,62347,3435A,16W37,01155,08036,4871,28.08992,293.080,173.661,78.582,12.482620,2362,20,5,20,5,12.488317,6.212283,24.201562,24.201561,44.710662,36.914388,36.94268,8.852760,
2016-09-11,05:52:33,155080364881,62347,3435A,16W37,01155,08036,4881,28.84632,294.022,174.819,79.016,12.374570,2364,15,5,15,5,12.372763,6.573704,24.201669,24.201669,39.308870,34.512805,36.91467,8.068350,
2016-09-11,05:55:55,155080364926,62347,3435A,16W37,01155,08036,4926,28.11793,290.282,170.767,79.450,11.977110,2406,27,4,27,4,11.998057,6.615048,24.201582,24.201581,38.678886,34.057690,35.82208,7.704150,
2016-09-11,05:57:55,155080364956,62347,3435A,16W37,01155,08036,4956,28.84632,290.786,173.661,80.318,12.449883,2385,27,4,27,4,12.425168,7.521498,24.201556,24.201555,31.783858,30.794865,36.38238,7.536060,
2016-09-11,05:59:57,155080364966,62347,3435A,16W37,01155,08036,4966,28.84632,293.734,172.504,79.450,11.657518,2391,27,4,27,4,11.611584,6.200500,24.201576,24.201575,39.633413,34.562201,36.24231,7.395990,
2016-09-11,06:01:57,155080364974,62347,3435A,16W37,01155,08036,4974,28.73426,294.040,173.082,78.582,12.246450,2380,12,5,12,5,12.196032,6.263518,24.201600,24.201599,34.763684,31.572346,36.52246,7.788200,
2016-09-11,06:05:20,155080364994,62347,3435A,16W37,01155,08036,4994,28.87434,294.736,173.082,79.450,12.382658,2370,13,5,13,5,12.405100,6.077713,24.201625,24.201624,39.210786,36.722658,36.71856,7.844220,
2016-09-11,06:07:25,155080365004,62347,3435A,16W37,01155,08036,5004,28.76228,293.374,171.925,78.582,11.648885,2393,27,4,27,4,11.618745,6.850618,24.201736,24.201735,37.189750,33.664519,36.15826,7.395980,
2016-09-11,06:11:01,155080365023,62347,3435A,16W37,01155,08036,5023,27.97786,291.044,172.504,79.884,12.134089,2415,27,4,27,4,12.113765,7.411120,24.201540,24.201539,36.230254,33.519061,35.59796,7.620100,
2016-09-11,06:13:03,155080365032,62347,3435A,16W37,01155,08036,5032,28.73426,286.744,174.240,79.016,12.431983,2381,14,5,14,5,12.461534,7.320326,24.201602,24.201601,38.562713,36.070520,36.4104,7.676140,
2016-09-11,06:15:16,155080365043,62347,3435A,16W37,01155,08036,5043,28.17396,293.621,171.346,79.016,12.412826,2386,15,5,15,5,12.362610,7.395003,24.201559,24.201559,38.447731,35.546524,36.29834,8.124380,
2016-09-11,06:17:22,155080365054,62347,3435A,16W37,01155,08036,5054,29.40663,293.053,171.346,79.016,11.735350,2370,27,4,27,4,11.732994,5.778960,24.201623,24.201622,38.716406,34.020233,36.83062,7.423990,
2016-09-11,06:19:26,155080365064,62347,3435A,16W37,01155,08036,5064,28.39808,286.310,173.661,79.450,11.606334,2413,27,4,27,4,11.617762,5.973074,24.201628,24.201627,35.179427,32.291031,35.59796,7.199880,
2016-09-11,06:21:25,155080365083,62347,3435A,16W37,01155,08036,5083,28.81831,291.459,173.661,79.450,12.287906,2378,13,5,13,5,12.280814,7.157117,24.201609,24.201608,38.603459,34.608821,36.52246,7.704150,
2016-09-11,06:25:07,155080365082,62347,3435A,16W37,01155,08036,5082,27.80977,293.495,174.819,78.582,12.393988,2461,16,4,16,4,12.425933,7.081377,24.201623,24.201623,35.323957,32.572064,34.42133,6.611560,
2016-09-11,06:26:53,155080365146,62347,3435A,16W37,01155,08036,5146,27.5016,292.297,174.240,79.450,
2016-09-11,06:29:31,155080365143,62347,3435A,16W37,01155,08036,5143,25.98879,291.321,174.240,79.016,12.417143,2473,12,5,12,5,12.403921,7.191494,24.201678,24.201678,37.640795,33.393968,34.0011,8.012310,
2016-09-11,06:31:20,155080365084,62347,3435A,16W37,01155,08036,5084,26.07283,294.400,169.609,79.884,11.771042,2489,27,4,27,4,11.778398,5.007996,24.201604,24.201604,35.479295,32.725851,33.58088,7.508050,
2016-09-11,06:33:23,155080367266,62347,3435A,16W37,01155,08036,7266,28.76228,286.919,173.082,84.226,12.217524,2451,11,4,11,4,12.160864,7.838196,24.201620,24.201620,29.518352,28.081626,34.72949,5.967210,
2016-09-11,06:35:07,155080366726,62347,3435A,16W37,01155,08036,6726,28.65022,286.300,174.819,84.226,12.382529,2443,15,4,15,4,12.351011,6.280402,24.201674,24.201673,31.110407,28.726416,34.81354,6.163320,
2016-09-11,06:36:43,155080367375,62347,3435A,16W37,01155,08036,7375,28.51014,282.995,173.082,84.226,12.425756,2426,21,4,21,4,12.436946,6.467050,24.201690,24.201689,31.403013,28.883448,35.26178,6.751640,
2016-09-11,06:38:30,155080367385,62347,3435A,16W37,01155,08036,7385,29.04243,283.652,174.819,84.226,12.435918,2394,25,4,25,4,12.432650,6.357729,24.201603,24.201602,30.324409,28.822294,36.10223,7.059800,
2016-09-11,06:43:32,155080367394,62347,3435A,16W37,01155,08036,7394,27.72572,284.461,174.240,84.226,12.447177,2443,17,4,17,4,12.399599,6.556581,24.201652,24.201651,31.099692,28.859609,34.98163,7.255910,
2016-09-11,06:46:28,155080367272,62347,3435A,16W37,01155,08036,7272,27.5016,289.043,171.925,84.226,12.409150,2430,24,4,24,4,12.414493,6.575129,24.201663,24.201662,32.449220,30.150726,35.23376,7.732160,
2016-09-11,06:48:19,155080367421,62347,3435A,16W37,01155,08036,7421,28.93037,286.900,173.082,83.792,12.299351,2430,13,4,13,4,12.297713,7.272701,24.201577,24.201576,31.378719,29.238495,35.28979,6.359420,
2016-09-11,06:51:42,155080366663,62347,3435A,16W37,01155,08036,6663,27.13741,285.300,171.346,83.792,12.202340,2500,8,4,8,4,11.073712,5.568307,24.201652,24.201652,33.915586,32.611564,33.49683,6.359420,
2016-09-11,06:53:13,155080367452,62347,3435A,16W37,01155,08036,7452,29.18251,287.956,171.925,84.226,12.358871,2401,18,4,18,4,12.345024,6.815573,24.201594,24.201594,31.054914,28.941052,36.0462,6.863690,
2016-09-11,06:54:50,155080367441,62347,3435A,16W37,01155,08036,7441,28.14595,288.830,172.504,84.226,12.270039,2455,13,4,13,4,12.281692,7.281954,24.201641,24.201641,30.519819,28.881276,34.58942,6.443470,
2016-09-11,06:56:35,155080367062,62347,3435A,16W37,01155,08036,7062,29.26655,285.313,174.819,84.226,12.129620,2366,27,4,27,4,12.113618,6.752369,24.201645,24.201644,35.198578,33.039767,36.94268,7.676130,
2016-09-11,07:02:33,155080367472,62347,3435A,16W37,01155,08036,7472,27.92183,282.284,173.082,83.792,12.341101,2480,10,4,10,4,12.326792,7.035711,24.201564,24.201563,29.450140,27.577561,33.94507,6.023240,
2016-09-11,07:07:37,155080367475,62347,3435A,16W37,01155,08036,7475,27.02535,282.078,172.504,84.226,12.321095,2511,12,4,12,4,12.332655,5.975693,24.201586,24.201585,30.300777,28.330575,32.96454,5.939190,
2016-09-11,07:11:26,155080367501,62347,3435A,16W37,01155,08036,7501,25.54055,283.945,171.925,83.357,12.359704,2562,11,4,11,4,12.397643,7.886064,24.201673,24.201672,28.874062,27.410201,31.5918,6.051250,
2016-09-11,07:15:12,155080367505,62347,3435A,16W37,01155,08036,7505,26.40902,287.602,173.661,84.226,12.012863,2543,8,4,8,4,11.464355,6.413107,24.201661,24.201661,28.165577,26.559818,32.18012,5.771100,
2016-09-11,07:21:17,155080367496,62347,3435A,16W37,01155,08036,7496,27.78175,288.276,173.661,83.792,12.341632,2481,13,4,13,4,12.316842,7.307384,24.201663,24.201662,30.129879,28.393046,33.86103,6.079280,
2016-09-11,07:24:06,155080367515,62347,3435A,16W37,01155,08036,7515,26.52108,285.762,173.661,83.357,12.464592,2532,10,4,10,4,12.437315,7.998456,24.201636,24.201636,30.362459,28.501130,32.40424,5.883160,
2016-09-11,07:25:37,155080367522,62347,3435A,16W37,01155,08036,7522,27.80977,287.096,173.082,83.792,12.081893,2495,8,4,8,4,12.043349,7.055404,24.201609,24.201609,27.553579,25.753081,33.49683,5.687060,
2016-09-11,07:29:45,155080367462,62347,3435A,16W37,01155,08036,7462,28.20198,288.001,174.240,83.792,12.301992,2468,12,4,12,4,12.294109,7.047740,24.201661,24.201660,32.929981,30.520078,34.19721,5.995230,
2016-09-11,07:35:36,155080367545,62347,3435A,16W37,01155,08036,7545,26.85726,283.111,170.767,83.792,12.453427,2516,11,4,11,4,12.403470,7.742515,24.201606,24.201606,30.786757,29.121591,32.90851,6.051250,
2016-09-11,07:37:15,155080365744,62347,3435A,16W37,01155,08036,5744,27.89381,287.630,172.504,83.792,12.461301,2458,16,4,16,4,12.437547,8.057862,24.201627,24.201626,31.022630,30.458256,34.47736,6.583550,
2016-09-11,07:38:54,155080367562,62347,3435A,16W37,01155,08036,7562,29.21052,288.792,172.504,84.226,12.454630,2417,14,4,14,4,12.407499,8.228557,24.201698,24.201697,31.729355,30.396801,35.59796,6.387440,
2016-09-11,07:41:40,155080367574,62347,3435A,16W37,01155,08036,7574,28.73426,290.223,171.925,84.226,12.284934,2445,11,4,11,4,12.263459,8.077157,24.201614,24.201614,28.158994,26.741513,34.9256,6.191340,
2016-09-11,07:43:12,155080367934,62347,3435A,16W37,01155,08036,7934,28.9864,282.554,172.504,79.016,11.641930,2377,27,4,27,4,11.647886,5.562286,24.201597,24.201597,61.073595,39.567908,36.66253,7.676130,
2016-09-11,07:45:02,155080367936,62347,3435A,16W37,01155,08036,7936,28.6222,287.158,170.188,79.450,11.759312,2403,27,4,27,4,11.701688,5.930007,24.201596,24.201595,37.584241,32.917553,35.90612,7.283920,
2016-09-11,07:47:02,155080368306,62347,3435A,16W37,01155,08036,8306,27.97786,291.201,174.819,80.318,12.127005,2426,27,4,27,4,12.085554,7.348218,24.201589,24.201588,36.757395,33.716365,35.26178,7.283920,
2016-09-11,07:54:41,155080368412,62347,3435A,16W37,01155,08036,8412,27.58565,284.409,174.819,80.318,11.746514,2438,27,4,27,4,11.728407,8.064183,24.201714,24.201714,38.978872,36.558294,34.9256,7.339950,
2016-09-11,08:03:03,155080368315,62347,3435A,16W37,01155,08036,8315,28.53816,289.784,171.925,79.450,11.759499,2400,27,4,27,4,11.703977,6.555623,24.201648,24.201647,40.402735,36.044905,35.96215,7.423990,
2016-09-11,08:04:57,155080368495,62347,3435A,16W37,01155,08036,8495,28.39808,287.325,174.819,78.582,12.110009,2408,27,4,27,4,12.121121,6.045204,24.201623,24.201623,41.307453,36.077286,35.73803,7.339950,
2016-09-11,08:06:52,155080368474,62347,3435A,16W37,01155,08036,8474,28.34205,286.636,171.346,78.582,11.531216,2411,27,4,27,4,11.503791,5.784428,24.201609,24.201609,35.214199,31.809700,35.682,7.339950,
2016-09-11,08:11:11,155080368465,62347,3435A,16W37,01155,08036,8465,28.08992,285.205,171.925,79.450,12.138073,2416,27,4,27,4,12.117592,6.071284,24.201621,24.201621,38.042732,33.174978,35.51391,7.423990,
2016-09-11,08:13:42,155080368421,62347,3435A,16W37,01155,08036,8421,28.22999,285.909,174.819,79.884,12.108359,2405,27,4,27,4,12.094890,6.682701,24.201661,24.201660,41.941272,36.790569,35.85009,7.620100,
2016-09-11,08:22:18,155080368603,62347,3435A,16W37,01155,08036,8603,28.73426,287.796,174.240,78.582,12.426254,2404,22,4,22,4,12.391144,6.371581,24.201596,24.201596,34.884598,32.509209,35.93414,7.199880,
2016-09-11,08:24:09,155080368274,62347,3435A,16W37,01155,08036,8274,27.75374,287.794,173.661,79.450,12.359624,2410,14,5,14,5,12.362825,6.585878,24.201659,24.201658,42.453753,36.255233,35.65399,7.900250,
2016-09-11,08:26:01,155080368655,62347,3435A,16W37,01155,08036,8655,28.34205,292.420,174.240,80.318,12.389599,2437,17,4,17,4,12.338980,7.214224,24.201672,24.201672,36.681731,33.450961,35.03766,6.695610,
2016-09-11,08:27:49,155080368636,62347,3435A,16W37,01155,08036,8636,28.14595,287.513,171.346,79.016,12.092858,2415,27,4,27,4,12.140474,6.593530,24.201679,24.201679,40.550591,35.196578,35.56994,7.423990,
2016-09-11,08:29:58,155080368691,62347,3435A,16W37,01155,08036,8691,28.22999,284.537,171.925,79.016,11.728881,2421,27,4,27,4,11.699349,6.330828,24.201659,24.201659,42.488910,36.594946,35.40185,7.171860,
2016-09-11,08:31:54,155080368705,62347,3435A,16W37,01155,08036,8705,28.34205,285.237,171.346,79.450,11.946039,2405,27,4,27,4,11.968005,5.965809,24.201643,24.201643,38.338958,34.468097,35.87811,7.536060,
2016-09-11,08:33:47,155080368234,62347,3435A,16W37,01155,08036,8234,28.39808,288.213,173.661,79.016,12.485451,2418,24,4,24,4,12.490181,6.933473,24.201619,24.201619,42.197721,36.701646,35.51391,7.115830,
2016-09-11,08:35:40,155080368245,62347,3435A,16W37,01155,08036,8245,28.22999,286.730,171.346,79.884,11.662687,2416,27,4,27,4,11.686184,7.175443,24.201610,24.201610,49.933707,39.622084,35.51391,7.283920,
2016-09-11,08:37:39,155080368755,62347,3435A,16W37,01155,08036,8755,28.00587,285.669,172.504,81.621,12.465577,2403,27,4,27,4,12.476375,9.142168,24.201690,24.201689,33.621910,32.218986,35.96215,7.956280,
2016-09-11,08:39:34,155080368722,62347,3435A,16W37,01155,08036,8722,28.28602,288.696,174.240,79.450,12.474675,2424,20,4,20,4,11.919203,7.162887,24.201659,24.201659,39.577830,36.015811,35.42987,7.143850,
2016-09-11,09:07:21,155380141836,62347,34DVA,16W37,01155,38014,1836,24.22383,284.420,174.240,83.792,12.420498,2603,13,4,13,4,12.472858,7.642176,24.201626,24.201625,31.491719,29.441142,30.41517,6.191340,
2016-09-11,09:15:00,155380141794,62347,34DVA,16W37,01155,38014,1794,27.33351,284.343,170.188,84.226,12.452898,2497,12,4,12,4,12.460806,6.182302,24.201675,24.201675,32.772021,30.551589,33.41278,6.079270,
2016-09-11,09:16:24,155380141854,62347,34DVA,16W37,01155,38014,1854,27.92183,284.045,172.504,84.226,12.319850,2465,13,4,13,4,12.341512,7.339788,24.201630,24.201630,30.724443,28.732633,34.25324,6.331410,
2016-09-11,09:17:59,155380141864,62347,34DVA,16W37,01155,38014,1864,27.83778,289.547,173.082,84.226,12.466499,2448,17,4,17,4,12.460734,7.168397,24.201580,24.201579,32.585648,29.944763,34.75751,6.919730,
2016-09-11,09:19:39,155380141845,62347,34DVA,16W37,01155,38014,1845,27.47359,288.076,174.819,84.226,12.347976,2467,16,4,16,4,12.289012,7.037855,24.201660,24.201659,32.322659,30.222466,34.28125,6.807660,
2016-09-11,09:23:15,155380141876,62347,34DVA,16W37,01155,38014,1876,27.27748,288.370,173.661,84.660,12.419143,2475,13,4,13,4,12.407342,7.402545,24.201645,24.201645,31.062702,28.951689,34.11316,6.835680,
2016-09-11,09:25:47,155380141615,62347,34DVA,16W37,01155,38014,1615,27.75374,282.906,171.346,84.226,12.474508,2450,21,4,21,4,12.451552,6.849992,24.201588,24.201588,31.725815,29.389351,34.67346,6.919720,
2016-09-11,09:28:32,155380141822,62347,34DVA,16W37,01155,38014,1822,27.78175,285.653,173.661,84.226,12.403814,2448,16,4,16,4,12.417281,7.124515,24.201596,24.201595,33.884004,31.466624,34.84155,7.059800,
2016-09-11,09:30:37,155380141533,62347,34DVA,16W37,01155,38014,1533,27.92183,288.660,175.398,83.792,12.260876,2467,10,4,10,4,12.255400,7.298317,24.201648,24.201647,30.934109,29.083959,34.39331,6.471480,
2016-09-11,09:33:59,155380141573,62347,34DVA,16W37,01155,38014,1573,28.59419,283.086,174.819,85.094,12.453306,2462,10,4,10,4,12.404538,6.544520,24.201610,24.201610,29.798551,27.848633,34.3653,5.771110,
2016-09-11,09:39:46,155380141284,62347,34DVA,16W37,01155,38014,1284,27.5016,283.381,174.819,83.792,12.303262,2495,11,4,11,4,12.277982,8.108990,24.201706,24.201705,29.846606,28.189642,33.46881,5.967210,
2016-09-11,09:47:43,155380141253,62347,34DVA,16W37,01155,38014,1253,27.89381,287.395,172.504,84.226,12.380610,2442,16,4,16,4,12.373919,7.936111,24.201665,24.201664,31.591239,29.898156,35.00964,7.115830,
2016-09-11,09:51:06,155380141766,62347,34DVA,16W37,01155,38014,1766,26.91329,285.905,173.661,84.226,12.379920,2477,13,4,13,4,12.373505,7.435269,24.201611,24.201610,32.843230,30.796400,34.16919,7.255900,
2016-09-11,09:53:19,155380141674,62347,34DVA,16W37,01155,38014,1674,28.70625,284.311,173.082,83.792,12.456784,2422,19,4,19,4,12.434271,6.125683,24.201597,24.201597,34.888239,31.228657,35.42987,6.723620,
2016-09-11,09:55:40,155380141603,62347,34DVA,16W37,01155,38014,1603,28.20198,285.159,172.504,85.094,12.406096,2461,10,4,10,4,12.366752,6.699279,24.201621,24.201620,29.819668,27.902370,34.47736,6.275380,
2016-09-11,09:57:36,155380141606,62347,34DVA,16W37,01155,38014,1606,28.45411,287.353,169.609,84.660,12.324740,2453,14,4,14,4,12.357463,5.523860,24.201680,24.201679,30.003111,28.082590,34.61743,6.163320,
2016-09-11,09:59:52,155380141921,62347,34DVA,16W37,01155,38014,1921,28.00587,285.744,175.398,84.226,12.220885,2422,27,4,27,4,12.203943,7.357797,24.201669,24.201669,35.106475,32.897366,35.34582,7.339950,
2016-09-11,10:02:51,155380141932,62347,34DVA,16W37,01155,38014,1932,28.84632,287.058,174.819,84.226,12.449753,2421,18,4,18,4,12.441482,6.734546,24.201696,24.201695,36.761848,35.200848,35.4859,6.639580,
2016-09-11,10:04:48,155380141942,62347,34DVA,16W37,01155,38014,1942,27.52962,284.059,174.240,83.792,12.428913,2469,15,4,15,4,12.584662,8.380801,24.201621,24.201621,34.968614,33.332750,34.22522,6.695600,
2016-09-11,10:07:16,155380141885,62347,34DVA,16W37,01155,38014,1885,27.8658,288.462,173.661,84.660,12.205539,2467,10,4,10,4,12.178909,7.286716,24.201653,24.201653,36.765927,34.256087,34.33728,6.471480,
2016-09-11,10:09:07,155380140844,62347,34DVA,16W37,01155,38014,0844,28.17396,286.808,173.661,79.016,12.447080,2410,25,4,25,4,12.408070,7.061689,24.201510,24.201510,40.268516,35.451180,35.76605,7.592090,
2016-09-11,10:10:34,155380140972,62347,34DVA,16W37,01155,38014,0972,28.4261,289.395,171.346,81.621,12.442355,2428,17,4,17,4,12.389688,9.489154,24.201562,24.201562,33.776593,33.570501,35.31781,6.891710,
2016-09-11,10:19:28,155380140981,62347,34DVA,16W37,01155,38014,0981,27.41756,289.225,173.082,80.318,12.306016,2486,11,4,11,4,12.271587,9.950221,24.201599,24.201598,34.595133,35.294179,33.805,6.387440,
2016-09-11,10:21:01,155380141203,62347,34DVA,16W37,01155,38014,1203,27.66969,289.202,173.082,83.792,12.494403,2466,12,4,12,4,12.430343,8.454334,24.201670,24.201669,32.099050,30.818324,34.3653,6.695610,
2016-09-11,10:22:55,155380141262,62347,34DVA,16W37,01155,38014,1262,27.92183,287.439,174.240,83.357,12.439187,2455,15,4,15,4,12.477111,7.916931,24.201598,24.201598,34.392040,32.038830,34.61743,6.695600,
2016-09-11,10:26:43,155380141301,62347,34DVA,16W37,01155,38014,1301,27.3055,285.266,173.082,83.357,12.273047,2500,11,4,11,4,12.211755,7.488063,24.201612,24.201612,30.042349,28.948002,33.32874,6.023240,
2016-09-11,10:28:42,155380141305,62347,34DVA,16W37,01155,38014,1305,26.9413,286.653,170.767,82.489,12.395691,2510,11,4,11,4,12.389729,7.928545,24.201640,24.201640,32.122913,30.576055,33.04859,6.107290,
2016-09-11,10:31:03,155380141323,62347,34DVA,16W37,01155,38014,1323,26.9413,287.708,173.082,83.357,12.363367,2485,12,4,12,4,12.309128,8.068694,24.201632,24.201631,33.781743,31.910851,33.88904,6.947740,
2016-09-11,11:20:03,155080367193,62347,3435A,16W37,01155,08036,7193,27.13741,285.797,170.188,83.792,12.466501,2460,22,4,22,4,12.457585,6.602907,24.201676,24.201675,37.036207,34.674911,34.3653,7.227890,
2016-09-11,11:48:42,155080367194,62347,3435A,16W37,01155,08036,7194,23.71957,286.607,173.082,84.226,12.430677,2615,14,4,14,4,12.792227,6.801626,24.201726,24.201725,35.854418,33.188613,30.13502,6.415450,
2016-09-11,11:50:26,155080367206,62347,3435A,16W37,01155,08036,7206,28.25801,282.792,172.504,83.357,12.342884,2441,18,4,18,4,12.384410,7.208526,24.201642,24.201641,38.832736,37.616941,34.89758,6.639570,
2016-09-11,11:57:48,155080367176,62347,3435A,16W37,01155,08036,7176,27.78175,287.836,170.188,83.792,12.378281,2467,15,4,15,4,12.403906,5.886080,24.201673,24.201673,34.264718,33.375453,34.16919,6.387440,
2016-09-11,11:59:31,155080367154,62347,3435A,16W37,01155,08036,7154,25.68062,287.759,174.240,84.226,12.447955,2531,19,4,19,4,12.440487,6.941011,24.201632,24.201631,34.201548,32.309896,32.40424,6.723620,
2016-09-11,12:01:26,155080368771,62347,3435A,16W37,01155,08036,8771,28.17396,285.508,172.504,79.450,12.414428,2439,15,4,15,4,12.400304,7.332920,24.201647,24.201646,47.027401,38.337237,35.03766,6.863700,
2016-09-11,12:03:21,155080368711,62347,3435A,16W37,01155,08036,8711,27.97786,288.303,173.661,79.016,11.822191,2423,27,4,27,4,11.850416,5.689671,24.201654,24.201654,41.655061,35.042310,35.37384,7.395980,
2016-09-11,12:07:16,155080368781,62347,3435A,16W37,01155,08036,8781,27.94984,288.757,174.819,80.753,12.267467,2478,10,4,10,4,12.209678,8.059138,24.201618,24.201617,42.521859,38.684763,33.97309,6.023250,
2016-09-11,12:09:56,155080368784,62347,3435A,16W37,01155,08036,8784,27.58565,285.858,170.188,77.279,12.396632,2441,27,4,27,4,12.395577,7.154490,24.201656,24.201656,40.664497,34.875135,34.84155,7.255900,
2016-09-11,12:13:24,155080368802,62347,3435A,16W37,01155,08036,8802,27.33351,287.009,174.240,80.318,11.877439,2451,27,4,27,4,11.849324,6.437612,24.201609,24.201609,39.601203,35.471426,34.58942,7.255910,
2016-09-11,12:15:19,155080368831,62347,3435A,16W37,01155,08036,8831,28.00587,284.493,174.240,78.148,11.681947,2417,27,4,27,4,11.709431,7.232317,24.201595,24.201594,39.961798,36.159488,35.51391,7.508040,
2016-09-11,12:20:11,155080368862,62347,3435A,16W37,01155,08036,8862,28.28602,287.321,174.240,78.582,11.822713,2407,27,4,27,4,11.808781,5.111619,24.201649,24.201649,58.684866,39.682533,35.82208,7.536060,
2016-09-11,12:23:16,155080368886,62347,3435A,16W37,01155,08036,8886,28.6222,287.908,170.767,80.753,11.667652,2396,27,4,27,4,11.655478,6.107385,24.201682,24.201682,50.824964,41.848626,36.10223,7.480030,
2016-09-11,12:27:49,155080368893,62347,3435A,16W37,01155,08036,8893,28.4261,286.356,171.925,80.318,11.802027,2400,27,4,27,4,11.799953,5.942784,24.201683,24.201682,42.710933,36.617191,36.01818,7.592080,
2016-09-11,12:30:44,155080368896,62347,3435A,16W37,01155,08036,8896,28.11793,289.558,173.661,80.753,11.680012,2419,27,4,27,4,11.649151,6.064483,24.201622,24.201622,36.987606,32.561781,35.42987,7.311940,
2016-09-11,12:40:35,155080368955,62347,3435A,16W37,01155,08036,8955,32.20813,288.038,175.398,79.450,12.411066,2304,13,5,13,5,12.344426,6.866747,24.201634,24.201633,39.903013,34.886854,38.39947,6.191340,
2016-09-11,12:42:40,155080368964,62347,3435A,16W37,01155,08036,8964,29.12648,285.669,173.082,79.016,12.433710,2393,23,4,23,4,12.382013,5.738434,24.201651,24.201651,44.480189,36.999921,36.24231,7.115830,
2016-09-11,12:44:33,155080368976,62347,3435A,16W37,01155,08036,8976,27.92183,289.467,174.240,79.450,12.428264,2438,20,4,20,4,12.404460,6.410497,24.201638,24.201637,35.928530,32.820297,35.00964,7.087810,
2016-09-11,12:46:34,155080368991,62347,3435A,16W37,01155,08036,8991,28.0619,287.752,174.240,77.713,12.402562,2438,16,4,16,4,12.386301,7.303496,24.201649,24.201648,38.857646,36.289322,35.14972,7.087820,
2016-09-11,12:48:21,155080370012,62347,3435A,16W37,01155,08037,0012,28.25801,285.420,174.819,80.753,12.458581,2434,19,4,19,4,12.451369,7.413819,24.201697,24.201696,33.708332,32.527720,35.17773,6.919720,
2016-09-11,12:50:19,155080370013,62347,3435A,16W37,01155,08037,0013,28.34205,287.991,174.240,79.884,12.161959,2412,27,4,27,4,12.195474,7.265347,24.201677,24.201677,32.795051,32.904585,35.682,7.339950,
2016-09-11,12:52:52,155080369953,62347,3435A,16W37,01155,08036,9953,28.48213,286.136,174.240,78.582,12.247566,2443,12,4,12,4,12.278124,6.404769,24.201620,24.201619,41.361505,37.299529,35.00964,6.527510,
2016-09-11,12:54:36,155080369963,62347,3435A,16W37,01155,08036,9963,28.11793,287.934,174.240,78.582,12.463026,2432,20,4,20,4,12.454723,6.448348,24.201627,24.201626,36.208427,32.981791,35.17773,7.059800,
2016-09-11,12:58:01,155080369975,62347,3435A,16W37,01155,08036,9975,28.31404,282.830,172.504,81.187,12.408673,2452,15,4,15,4,12.443853,7.697415,24.201677,24.201677,34.658616,35.139555,34.58942,6.275380,
2016-09-11,13:03:08,155080369985,62347,3435A,16W37,01155,08036,9985,27.47359,290.135,173.082,80.753,12.436699,2448,27,4,27,4,11.953031,6.635798,24.201631,24.201630,38.545613,36.095882,34.64545,7.171860,
2016-09-11,13:08:06,155080370002,62347,3435A,16W37,01155,08037,0002,28.25801,288.426,171.925,80.753,11.987231,2419,27,4,27,4,11.645717,5.367776,24.201675,24.201675,32.434309,32.707946,35.37384,7.115830,
2016-09-11,13:10:20,155080369441,62347,3435A,16W37,01155,08036,9441,28.70625,285.264,172.504,79.016,12.401978,2414,22,4,22,4,12.452176,8.044517,24.201677,24.201677,38.077992,37.040987,35.62597,6.919720,
2016-09-11,13:15:28,155080370005,62347,3458A,16W37,01155,08037,0005,28.37007,292.860,173.082,80.318,12.432695,2441,18,4,18,4,12.435710,6.489232,24.201640,24.201639,34.297983,33.307623,34.89758,6.527510,
2016-09-11,13:17:31,155080369445,62347,3458A,16W37,01155,08036,9445,27.33351,288.135,173.082,80.318,12.239777,2445,27,4,27,4,12.295557,8.178049,24.201700,24.201699,39.426451,35.850664,34.72949,7.395980,
2016-09-11,13:33:45,155080369345,62347,3458A,16W37,01155,08036,9345,28.51014,285.736,174.240,81.621,11.933717,2398,27,4,27,4,11.975101,9.721517,24.201676,24.201675,34.501589,33.524315,36.01818,7.508040,
2016-09-11,13:37:41,155080369284,62347,3458A,16W37,01155,08036,9284,28.14595,288.830,171.925,79.016,12.192929,2418,27,4,27,4,12.187516,6.030090,24.201661,24.201660,44.272157,36.710481,35.42987,7.283920,
2016-09-11,13:39:47,155080369275,62347,3458A,16W37,01155,08036,9275,28.17396,283.997,174.819,79.016,12.374601,2450,15,4,15,4,12.333925,7.307287,24.201640,24.201639,45.061263,37.794522,34.70148,6.527520,
2016-09-11,13:44:33,155080369244,62347,3458A,16W37,01155,08036,9244,27.83778,288.815,173.661,80.318,12.403847,2446,24,4,24,4,12.430651,8.271983,24.201685,24.201685,37.130400,35.383762,34.75751,6.919730,
2016-09-11,13:52:15,155080369184,62347,3458A,16W37,01155,08036,9184,31.70386,291.789,174.819,79.450,12.457721,2317,13,5,13,5,12.458381,6.598018,24.201703,24.201702,53.464315,39.865867,37.97924,6.275380,
2016-09-11,13:54:20,155080369143,62347,3458A,16W37,01155,08036,9143,28.0619,289.205,171.925,79.016,12.376037,2421,27,4,27,4,12.367952,5.981878,24.201616,24.201616,44.683649,35.606868,35.37384,7.311940,
2016-09-11,13:56:15,155080365204,62347,3458A,16W37,01155,08036,5204,27.97786,286.642,171.925,81.187,12.467839,2399,15,5,15,5,12.412204,8.386530,24.201479,24.201479,33.688279,31.747739,35.90612,7.928260,
2016-09-11,13:58:17,155080365124,62347,3458A,16W37,01155,08036,5124,27.94984,291.901,171.925,79.016,12.342209,2450,18,4,18,4,12.313652,6.561128,24.201580,24.201580,39.630691,36.597482,34.70148,6.751640,
2016-09-11,14:01:32,155080365222,62347,3458A,16W37,01155,08036,5222,28.20198,292.689,174.240,78.582,12.497085,2458,12,4,12,4,12.473331,7.471947,24.201553,24.201552,38.119273,34.417991,34.50537,6.303390,
2016-09-11,14:03:42,155080367253,62347,3458A,16W37,01155,08036,7253,28.95839,285.076,175.398,83.792,12.276573,2429,11,4,11,4,12.298063,6.908585,24.201635,24.201635,28.968727,27.201230,35.37384,6.415450,
2016-09-11,14:07:11,155080365195,62347,3458A,16W37,01155,08036,5195,28.28602,290.203,172.504,79.016,12.476656,2388,16,5,16,5,12.463258,6.221550,24.201632,24.201631,36.149200,32.877124,36.21429,7.928270,
2016-09-11,14:09:13,155080363315,62347,3458A,16W37,01155,08036,3315,28.14595,286.868,173.082,80.318,12.460032,2417,27,4,27,4,12.484918,8.223221,24.201578,24.201577,42.237057,38.563526,35.54193,7.395980,
2016-09-11,14:12:36,155080363323,62347,3458A,16W37,01155,08036,3323,28.48213,288.697,173.661,81.187,12.472387,2417,21,4,21,4,12.465123,8.564356,24.201556,24.201556,34.569489,34.407042,35.59796,7.115830,
2016-09-11,14:14:21,155080363293,62347,3458A,16W37,01155,08036,3293,28.22999,285.992,171.925,79.884,12.385026,2449,15,4,15,4,12.319266,8.589839,24.201588,24.201587,35.592657,34.667826,34.78552,6.555530,
2016-09-11,14:17:56,155080363234,62347,3458A,16W37,01155,08036,3234,27.78175,289.815,173.082,79.884,12.354089,2412,27,4,27,4,11.965612,5.720442,24.201662,24.201661,36.461535,33.277899,35.73803,7.956280,
2016-09-11,14:19:51,155080363333,62347,3458A,16W37,01155,08036,3333,28.14595,292.418,174.240,81.621,12.436868,2424,24,4,24,4,12.444930,9.071554,24.201609,24.201609,35.802576,35.074681,35.31781,7.171860,
2016-09-11,14:24:10,155080363342,62347,3458A,16W37,01155,08036,3342,27.27748,287.104,175.398,81.187,12.382959,2449,27,4,27,4,12.398314,8.647326,24.201625,24.201624,36.020659,35.988855,34.64545,7.367970,
2016-09-11,14:27:29,155080365165,62347,3458A,16W37,01155,08036,5165,28.37007,291.400,174.240,79.450,12.376065,2390,13,5,13,5,12.369447,6.964194,24.201617,24.201616,44.534600,39.674208,36.18628,7.816210,
2016-09-11,14:30:07,155080365175,62347,3458A,16W37,01155,08036,5175,27.97786,292.458,173.661,79.016,12.417716,2395,15,5,15,5,12.451718,5.748035,24.201599,24.201599,37.365434,33.402061,36.10223,8.124370,
2016-09-11,14:32:09,155080365135,62347,3458A,16W37,01155,08036,5135,28.31404,292.052,174.819,81.187,11.710895,2408,27,4,27,4,11.767837,6.710448,24.201461,24.201461,32.628061,30.541680,35.82208,7.508040,
2016-09-11,14:34:17,155080363592,62347,3458A,16W37,01155,08036,3592,28.34205,287.869,173.082,79.450,12.385448,2417,26,4,26,4,12.399508,6.650159,24.201641,24.201640,35.877260,34.128435,35.45788,7.115830,
2016-09-11,14:35:59,155080365152,62347,3458A,16W37,01155,08036,5152,27.83778,288.132,173.082,79.450,11.601493,2411,27,4,27,4,11.526852,6.220955,24.201645,24.201644,38.378868,34.060495,35.73803,7.900250,
2016-09-11,14:37:59,155080367092,62347,3458A,16W37,01155,08036,7092,28.39808,287.142,174.240,83.792,12.327632,2439,13,4,13,4,12.767750,8.047792,24.201659,24.201658,32.536908,31.526320,35.03766,6.639580,
2016-09-11,14:39:34,155080367311,62347,3458A,16W37,01155,08036,7311,27.24947,285.680,171.346,84.226,12.357388,2467,17,4,17,4,12.329262,6.428277,24.201681,24.201680,34.279375,31.973555,34.28125,7.031780,
2016-09-11,14:41:45,155080367282,62347,3458A,16W37,01155,08036,7282,28.37007,284.491,173.082,83.792,12.223196,2446,12,4,12,4,12.256740,7.037247,24.201560,24.201559,30.630664,28.790036,34.86957,6.499500,
2016-09-11,14:43:20,155080367286,62347,3458A,16W37,01155,08036,7286,28.11793,288.165,172.504,83.792,12.432406,2458,14,4,14,4,12.378838,7.245807,24.201664,24.201664,33.307332,31.453820,34.50537,6.387440,
2016-09-11,14:49:27,155080367073,62347,3458A,16W37,01155,08036,7073,28.56617,286.654,173.082,83.792,12.428458,2431,18,4,18,4,12.439425,6.919840,24.201623,24.201623,33.822510,31.666584,35.20575,6.639580,
2016-09-11,14:54:42,155080369725,62347,3458A,16W37,01155,08036,9725,27.61366,286.835,171.925,79.450,11.610147,2420,27,4,27,4,11.575603,5.592400,24.201620,24.201619,38.660084,36.305660,35.4859,7.872240,
2016-09-11,14:56:32,155080369705,62347,3458A,16W37,01155,08036,9705,27.8658,285.745,173.661,78.582,12.381446,2445,20,4,20,4,12.422582,5.353453,24.201684,24.201683,36.976436,34.200895,34.84155,6.975750,
2016-09-11,15:07:43,155080369692,62347,3458A,16W37,01155,08036,9692,27.97786,283.333,173.082,79.450,12.050060,2428,27,4,27,4,12.031043,7.397447,24.201606,24.201605,37.719025,35.007418,35.17773,7.199870,
2016-09-11,15:12:23,155080370156,62347,3458A,16W37,01155,08037,0156,27.83778,285.203,173.661,81.187,12.214767,2484,9,4,9,4,12.233232,7.113769,24.201681,24.201680,33.255147,32.786299,33.805,5.967220,
2016-09-11,15:17:33,155080370135,62347,3458A,16W37,01155,08037,0135,27.83778,287.110,174.819,78.582,12.456289,2451,21,4,21,4,12.448462,6.042039,24.201653,24.201652,35.166005,35.175733,34.58942,6.751640,
2016-09-11,15:19:18,155080370145,62347,3458A,16W37,01155,08037,0145,28.25801,285.282,174.819,79.884,12.383248,2446,17,4,17,4,12.387637,6.427236,24.201742,24.201742,36.382106,34.077810,34.75751,6.499500,
2016-09-11,15:21:27,155080370185,62347,3458A,16W37,01155,08037,0185,28.48213,286.268,170.767,78.582,12.449307,2458,10,4,10,4,12.494261,6.473817,24.201772,24.201771,38.366459,34.396852,34.53339,6.051260,
2016-09-11,15:23:39,155080370175,62347,3458A,16W37,01155,08037,0175,27.61366,284.330,171.346,80.753,12.412544,2459,20,4,20,4,12.431146,6.190553,24.201804,24.201804,35.917741,34.768872,34.3653,6.751640,
2016-09-11,15:25:34,155080370195,62347,3458A,16W37,01155,08037,0195,28.48213,286.408,171.346,80.318,12.433276,2410,27,4,27,4,12.426402,6.782937,24.201762,24.201761,37.539302,36.863988,35.682,7.199870,
2016-09-11,15:39:30,155080370323,62347,3458A,16W37,01155,08037,0323,28.67823,283.535,173.661,80.753,12.399555,2444,12,4,12,4,12.370338,7.146375,24.201720,24.201720,37.078506,34.445745,34.86957,6.191340,
2016-09-11,15:41:57,155080370214,62347,3458A,16W37,01155,08037,0214,28.03389,286.328,173.661,80.753,12.420627,2422,27,4,27,4,12.386113,7.453951,24.201679,24.201678,36.019395,33.973028,35.31781,7.283920,
2016-09-11,15:44:58,155080370221,62347,3458A,16W37,01155,08037,0221,27.94984,288.311,174.240,80.318,11.860529,2429,27,4,27,4,11.813555,6.386118,24.201746,24.201745,35.580969,34.671901,35.17773,7.227890,
2016-09-11,15:46:53,155080370231,62347,3458A,16W37,01155,08037,0231,28.84632,287.991,174.240,79.450,12.490456,2431,15,4,15,4,12.520885,6.298710,24.201707,24.201706,34.502637,33.508113,35.23376,6.387440,
2016-09-11,15:48:37,155080370242,62347,3458A,16W37,01155,08037,0242,28.6222,288.389,173.661,79.016,12.390791,2420,20,4,20,4,12.428296,6.638494,24.201732,24.201731,36.383413,34.901367,35.4859,6.863700,
2016-09-11,15:50:17,155080370251,62347,3458A,16W37,01155,08037,0251,28.76228,287.693,173.082,81.187,12.436876,2415,20,4,20,4,12.401755,6.592240,24.201706,24.201706,36.921082,34.116112,35.62597,6.863690,
2016-09-11,15:54:04,155080370293,62347,3458A,16W37,01155,08037,0293,28.22999,287.742,173.661,79.016,12.463836,2414,26,4,26,4,12.488961,6.479714,24.201728,24.201728,36.453429,34.315451,35.65399,7.424000,
2016-09-11,15:56:00,155080370283,62347,3458A,16W37,01155,08037,0283,28.84632,286.308,173.082,79.884,12.404752,2427,16,4,16,4,12.453507,5.517958,24.201698,24.201698,37.117249,32.662807,35.28979,6.443470,
2016-09-11,15:57:48,155080370273,62347,3458A,16W37,01155,08037,0273,28.37007,283.192,174.240,80.753,12.371201,2454,12,4,12,4,12.378133,7.792715,24.201707,24.201707,36.273008,35.016057,34.58942,6.219350,
2016-09-11,15:59:44,155080370263,62347,3458A,16W37,01155,08037,0263,28.65022,287.395,170.188,81.187,12.427070,2418,21,4,21,4,12.428951,6.273370,24.201721,24.201720,33.843818,32.516239,35.51391,6.863690,
2016-09-11,16:01:34,155080370113,62347,3458A,16W37,01155,08037,0113,28.22999,285.482,174.240,79.016,11.912084,2417,27,4,27,4,11.898583,6.053529,24.201712,24.201712,35.820006,33.871878,35.45788,7.227890,
2016-09-11,16:03:30,155080370103,62347,3458A,16W37,01155,08037,0103,28.84632,287.312,171.925,79.016,12.448107,2394,27,4,27,4,12.425536,5.454314,24.201731,24.201731,35.558763,34.046665,36.15826,7.311940,
2016-09-11,16:05:53,155080369503,62347,3458A,16W37,01155,08036,9503,28.14595,283.682,174.819,79.884,11.608213,2419,27,4,27,4,11.622207,5.409269,24.201671,24.201671,36.645702,34.704356,35.45788,7.311930,
2016-09-11,16:10:22,155080369434,62347,3458A,16W37,01155,08036,9434,28.0619,284.502,174.240,79.016,12.182406,2419,27,4,27,4,12.176224,7.619620,24.201630,24.201630,37.801457,34.711406,35.51391,7.452010,
2016-09-11,16:12:11,155080369406,62347,3458A,16W37,01155,08036,9406,28.79029,286.075,171.925,78.148,12.206681,2394,27,4,27,4,12.204563,7.385027,24.201648,24.201647,41.872451,40.126072,36.10223,7.311940,
2016-09-11,16:16:19,155080368544,62347,3458A,16W37,01155,08036,8544,28.22999,285.271,171.346,79.884,12.419479,2399,12,5,12,5,12.362475,6.243235,24.201665,24.201665,38.903896,34.008554,35.96215,7.732160,
2016-09-11,16:19:58,155080368576,62347,3458A,16W37,01155,08036,8576,28.4261,281.272,174.819,79.450,12.162429,2416,27,4,27,4,12.109793,7.035663,24.201670,24.201669,38.064572,33.730198,35.45788,7.031780,
2016-09-11,16:23:26,155080368551,62347,3458A,16W37,01155,08036,8551,28.65022,285.643,174.240,79.016,12.468488,2384,13,5,13,5,12.448577,6.808806,24.201665,24.201664,40.994410,35.019548,36.38238,7.732160,
2016-09-11,16:26:30,155080368533,62347,3458A,16W37,01155,08036,8533,28.90236,285.999,174.819,79.016,11.881663,2398,27,4,27,4,11.907438,6.669459,24.201689,24.201688,39.017495,33.575435,35.96215,7.059790,
2016-09-11,16:28:30,155080368525,62347,3458A,16W37,01155,08036,8525,28.4261,286.776,173.661,80.753,12.355767,2379,16,5,16,5,12.413820,7.330150,24.201609,24.201608,42.042059,37.827891,36.4104,7.984300,
2016-09-11,16:31:41,155080368512,62347,3458A,16W37,01155,08036,8512,28.31404,284.775,171.346,79.450,12.186056,2413,27,4,27,4,11.892327,7.504539,24.201643,24.201642,36.982493,34.572755,35.56994,7.255900,
2016-09-11,16:34:49,155080368404,62347,3458A,16W37,01155,08036,8404,29.23854,282.816,171.346,79.884,11.606905,2382,27,4,27,4,11.627568,5.816348,24.201632,24.201631,40.033703,35.297503,36.38238,7.143840,
2016-09-11,16:36:44,155080368394,62347,3458A,16W37,01155,08036,8394,29.12648,289.535,171.925,79.884,12.419300,2403,19,4,19,4,12.389223,6.652095,24.201686,24.201685,37.867362,35.500071,35.99017,6.863690,
2016-09-11,16:38:38,155080368384,62347,3458A,16W37,01155,08036,8384,27.89381,288.939,174.819,79.884,11.522056,2429,27,4,27,4,11.517325,6.688971,24.201696,24.201696,39.398109,34.843480,35.17773,7.283920,
2016-09-11,16:42:07,155080368361,62347,3458A,16W37,01155,08036,8361,28.65022,287.375,173.661,78.582,12.330050,2373,16,5,16,5,12.371120,5.897334,24.201677,24.201676,40.757072,35.792931,36.63452,7.984300,
2016-09-11,16:44:15,155080368353,62347,3458A,16W37,01155,08036,8353,28.56617,284.552,175.398,79.016,12.424567,2406,24,4,24,4,12.418754,6.283197,24.201656,24.201655,38.337696,33.957383,35.87811,7.311940,
2016-09-11,16:50:32,155080368344,62347,3458A,16W37,01155,08036,8344,26.96932,285.103,173.661,78.582,12.338985,2447,13,5,13,5,12.330840,5.631420,24.201655,24.201654,47.058352,37.481781,34.58942,7.620100,
2016-09-11,16:52:38,155080368335,62347,3458A,16W37,01155,08036,8335,28.87434,284.319,171.346,78.582,12.422318,2382,13,5,13,5,12.459723,6.796933,24.201613,24.201612,39.956553,34.835820,36.38238,7.508040,
2016-09-11,16:54:48,155080368324,62347,3458A,16W37,01155,08036,8324,27.61366,287.273,171.346,79.450,12.473959,2444,26,4,26,4,12.478404,7.197363,24.201706,24.201705,41.513581,35.557750,34.75751,7.143850,
2016-09-11,16:59:23,155080368265,62347,3458A,16W37,01155,08036,8265,28.67823,290.755,174.819,79.884,12.279560,2385,12,5,12,5,12.306230,8.036094,24.201639,24.201639,50.124697,40.850843,36.32635,7.648120,
2016-09-11,17:02:27,155080368251,62347,3458A,16W37,01155,08036,8251,28.22999,282.604,171.925,79.884,12.104505,2422,27,4,27,4,12.036610,7.485606,24.201674,24.201674,40.577950,36.361436,35.28979,7.059800,
2016-09-11,17:05:59,155080368732,62347,3458A,16W37,01155,08036,8732,28.25801,287.427,170.767,81.621,12.449554,2436,19,4,19,4,12.451328,9.468805,24.201537,24.201537,41.836362,40.246906,35.09369,6.835680,
2016-09-11,17:07:53,155080368814,62347,3458A,16W37,01155,08036,8814,28.25801,281.727,173.082,79.016,12.436928,2401,27,4,27,4,12.404502,7.807703,24.201631,24.201630,40.967340,37.999047,35.99017,7.732160,
2016-09-11,17:15:27,155080367944,62347,3458A,16W37,01155,08036,7944,28.51014,287.317,174.819,79.450,11.888128,2416,27,4,27,4,11.923261,6.766723,24.201661,24.201661,42.127659,36.096831,35.4859,6.975760,
2016-09-11,17:17:41,155080367976,62347,3458A,16W37,01155,08036,7976,28.93037,284.311,174.819,79.016,12.442960,2377,27,4,27,4,12.438136,6.190145,24.201635,24.201634,37.339130,32.763058,36.69055,7.760180,
2016-09-11,17:19:53,155080367956,62347,3458A,16W37,01155,08036,7956,28.70625,289.991,171.925,78.582,12.101034,2390,27,4,27,4,12.061641,5.935360,24.201652,24.201651,40.143454,34.859967,36.24231,7.536060,
2016-09-11,17:21:55,155080367986,62347,3458A,16W37,01155,08036,7986,29.26655,290.092,174.240,79.016,12.346223,2345,12,5,12,5,12.337597,5.711901,24.201656,24.201656,43.840248,36.806287,37.50299,8.236440,
2016-09-11,17:23:54,155080367966,62347,3458A,16W37,01155,08036,7966,28.17396,286.986,170.188,79.884,12.381365,2431,19,4,19,4,12.390827,8.116191,24.201677,24.201676,38.260620,33.848749,35.23376,7.059800,
2016-09-11,17:26:06,155080367996,62347,3458A,16W37,01155,08036,7996,28.87434,288.033,173.082,78.582,12.268218,2384,27,4,27,4,12.242758,6.856362,24.201660,24.201660,41.559306,35.575969,36.4104,7.536060,
2016-09-11,17:40:59,155080368034,62347,3458A,16W37,01155,08036,8034,26.91329,289.773,174.819,80.753,12.449612,2472,17,4,17,4,12.454453,7.325598,24.201644,24.201644,39.388265,35.060959,34.19721,7.283920,
2016-09-11,17:51:02,155080368023,62347,3458A,16W37,01155,08036,8023,27.55763,284.368,174.819,79.450,12.368978,2464,17,4,17,4,12.359818,6.834002,24.201702,24.201702,39.442222,34.879405,34.28125,6.723620,
2016-09-11,17:52:50,155080368054,62347,3458A,16W37,01155,08036,8054,28.20198,287.228,172.504,78.582,11.865315,2399,27,4,27,4,11.840802,6.220995,24.201660,24.201659,47.893267,37.731615,36.0462,7.844220,
2016-09-11,17:54:45,155080368063,62347,3458A,16W37,01155,08036,8063,27.78175,286.990,172.504,78.582,12.469317,2435,24,4,24,4,12.449609,7.043461,24.201660,24.201659,47.861131,40.005549,35.06567,7.283920,
2016-09-11,17:56:38,155080368073,62347,3458A,16W37,01155,08036,8073,28.4261,288.042,173.082,79.016,12.165805,2403,27,4,27,4,12.128241,6.008364,24.201608,24.201607,44.531784,37.019974,35.90612,7.480020,
2016-09-11,17:58:32,155080368085,62347,3458A,16W37,01155,08036,8085,27.80977,290.673,173.661,79.016,12.314378,2448,14,4,14,4,12.347316,7.162511,24.201719,24.201718,36.657674,34.057982,34.9256,7.115830,
2016-09-11,18:00:22,155080368095,62347,3458A,16W37,01155,08036,8095,28.59419,284.089,171.925,79.450,11.496864,11.484602,5.327506,24.201650,24.201650,50.165289,38.008533,36.29834,7.704150,
2016-09-11,18:02:18,155080368113,62347,3458A,16W37,01155,08036,8113,28.03389,286.219,172.504,79.016,12.411445,2443,20,4,20,4,12.474231,6.358884,24.201625,24.201624,37.257059,33.088290,34.81354,6.779650,
2016-09-11,18:04:07,155080368124,62347,3458A,16W37,01155,08036,8124,28.34205,286.701,171.346,78.582,12.412725,2404,25,4,25,4,12.377404,7.394962,24.201674,24.201674,34.360861,31.044551,35.93414,7.592090,
2016-09-11,18:15:35,155080368162,62347,3458A,16W37,01155,08036,8162,27.10939,286.590,173.661,79.016,12.469956,2441,27,4,27,4,12.474431,5.596391,24.201670,24.201670,40.073973,33.590989,34.81354,7.704150,
2016-09-11,18:25:28,155080369042,62347,3458A,16W37,01155,08036,9042,27.3055,285.282,171.346,79.016,11.993222,2438,27,4,27,4,11.965118,6.042317,24.201669,24.201669,48.801229,37.373785,34.9256,7.620100,
2016-09-11,18:27:38,155080369775,62347,3458A,16W37,01155,08036,9775,27.47359,287.923,173.082,79.450,12.215118,2426,27,4,27,4,12.050542,6.151599,24.201684,24.201683,34.420306,31.945811,35.26178,7.788190,
2016-09-11,18:29:33,155080369745,62347,3458A,16W37,01155,08036,9745,28.20198,287.749,173.082,80.753,12.195329,2407,27,4,27,4,12.193642,6.757490,24.201596,24.201596,37.382731,36.539980,35.82208,7.620100,
2016-09-11,18:32:26,155080369765,62347,3458A,16W37,01155,08036,9765,27.75374,284.383,173.661,81.187,12.052505,2425,27,4,27,4,12.074871,6.873197,24.201640,24.201640,35.666465,35.228152,35.28979,7.536050,
2016-09-11,18:34:21,155080369731,62347,3458A,16W37,01155,08036,9731,28.03389,287.362,172.504,79.016,12.414440,2412,27,4,27,4,12.372416,6.880008,24.201649,24.201648,35.864064,35.549212,35.65399,7.620100,
2016-09-11,18:36:16,155080369712,62347,3458A,16W37,01155,08036,9712,28.20198,289.209,171.925,79.884,12.341471,2436,15,4,15,4,12.344684,6.768966,24.201660,24.201660,35.694796,32.909264,35.20575,7.003770,
2016-09-11,18:38:14,155080369672,62347,3458A,16W37,01155,08036,9672,28.87434,287.544,173.661,78.582,12.456244,2422,14,4,14,4,12.430113,6.839537,24.201656,24.201655,36.279091,32.677967,35.54193,6.667590,
2016-09-11,18:39:59,155080369652,62347,3458A,16W37,01155,08036,9652,28.48213,287.831,174.240,79.016,12.482080,2404,25,4,25,4,12.498864,6.548544,24.201620,24.201620,37.135301,33.920937,35.93414,7.452010,
2016-09-11,18:44:22,155080369622,62347,3458A,16W37,01155,08036,9622,28.22999,286.160,174.240,78.582,12.325534,2440,17,4,17,4,12.341177,5.979353,24.201606,24.201605,40.850838,35.172698,34.98163,6.751640,
2016-09-11,19:36:29,155080369581,62347,3458A,16W37,01155,08036,9581,27.44557,289.957,171.346,78.582,12.418147,2475,16,4,16,4,12.408042,8.189561,24.201574,24.201574,41.421298,36.922099,33.91706,6.471490,
2016-09-11,19:38:16,155080365261,62347,3458A,16W37,01155,08036,5261,28.11793,289.071,170.767,79.884,12.476461,2438,18,4,18,4,12.475060,7.652600,24.201549,24.201548,36.011060,34.859754,35.03766,6.919730,
2016-09-11,19:40:04,155080365252,62347,3458A,16W37,01155,08036,5252,27.94984,291.364,171.925,79.016,11.948582,2411,27,4,27,4,11.993456,4.721482,24.201497,24.201497,39.823226,33.888497,35.71002,7.760180,
2016-09-11,19:42:09,155080365272,62347,3458A,16W37,01155,08036,5272,28.25801,288.393,171.925,78.582,12.389989,2407,27,4,27,4,12.387411,7.161658,24.201523,24.201523,36.458764,33.594854,35.79406,7.536050,
2016-09-11,19:44:02,155080365315,62347,3458A,16W37,01155,08036,5315,27.55763,284.772,170.188,79.016,12.083508,2430,27,4,27,4,12.107895,5.782959,24.201519,24.201519,42.437214,35.982353,35.14972,7.592090,
2016-09-11,19:49:01,155080365303,62347,3458A,16W37,01155,08036,5303,27.02535,291.203,173.082,79.016,12.307838,2478,13,4,13,4,12.261734,7.476370,24.201573,24.201572,36.720431,34.173923,34.02912,7.003770,
2016-09-11,19:50:50,155080365333,62347,3458A,16W37,01155,08036,5333,28.28602,289.474,170.767,79.450,12.455785,2435,17,4,17,4,12.431814,5.713249,24.201572,24.201571,36.516676,32.839827,35.1217,6.835680,
2016-09-11,19:55:23,155080365244,62347,3458A,16W37,01155,08036,5244,28.14595,288.978,173.082,79.450,12.143361,2402,27,4,27,4,12.095017,7.272913,24.201567,24.201566,42.753063,36.454227,36.01818,7.872230,
2016-09-11,19:57:30,155080365355,62347,3458A,16W37,01155,08036,5355,27.89381,291.269,171.925,78.582,12.382976,2388,12,5,12,5,12.356732,6.594743,24.201574,24.201573,38.624610,34.490799,36.29834,8.404530,
2016-09-11,19:59:48,155080365404,62347,3458A,16W37,01155,08036,5404,28.53816,286.041,173.661,78.582,12.406602,2404,27,4,27,4,12.382802,6.269171,24.201578,24.201578,35.774526,32.257587,35.85009,7.311930,
2016-09-11,20:01:58,155080365395,62347,3458A,16W37,01155,08036,5395,28.53816,291.440,173.661,79.450,12.232914,2371,12,5,12,5,12.267391,7.196203,24.201594,24.201593,39.780382,36.036016,36.71856,8.180400,
2016-09-11,20:04:20,155080365376,62347,3458A,16W37,01155,08036,5376,27.58565,289.245,172.504,79.450,11.849794,2417,27,4,27,4,11.897087,6.538560,24.201612,24.201611,39.409709,34.160296,35.56994,7.984290,
2016-09-11,20:06:31,155080365385,62347,3458A,16W37,01155,08036,5385,28.76228,288.472,174.819,79.016,11.953507,2396,27,4,27,4,11.974022,6.226660,24.201528,24.201527,42.275899,34.911509,36.10223,7.339950,
2016-09-11,20:08:36,155080365365,62347,3458A,16W37,01155,08036,5365,28.28602,285.526,171.925,78.582,11.851668,2418,27,4,27,4,11.855290,6.437036,24.201575,24.201574,38.566014,34.088552,35.51391,7.227890,
2016-09-11,20:10:43,155080365102,62347,3458A,16W37,01155,08036,5102,28.03389,290.944,170.188,79.884,12.362727,2385,15,5,15,5,12.377146,7.392697,24.201580,24.201579,36.893914,33.670359,36.35437,8.320480,
2016-09-11,20:14:39,155080365115,62347,3458A,16W37,01155,08036,5115,28.87434,291.954,173.082,79.884,11.962974,2371,27,4,27,4,11.992540,6.276350,24.201593,24.201593,34.011831,30.868425,36.85863,7.984290,
2016-09-11,20:16:28,155080361012,62347,3458A,16W37,01155,08036,1012,27.61366,287.943,171.925,79.016,0.000000,0.000000,0.000000,0.000000,-1.000000,-1.000000,*****,441000962747160113568729414575223994391196358161185591041994589556346925202255094320072950992978109595496765276469323032524255166817470321243656825908000673180467248426366233691588004496151674880.000000,
2016-09-11,20:27:29,
2016-09-11,20:28:44,
2016-09-11,20:42:49,155080364555,62347,3458A,16W37,01155,08036,4555,26.77321,290.421,172.504,79.450,12.076612,2471,27,4,27,4,12.073366,5.825498,24.201640,24.201639,39.568027,34.663812,34.02912,7.255910,
2016-09-11,20:47:35,155080369683,62347,3458A,16W37,01155,08036,9683,27.02535,284.963,175.398,80.318,12.106420,2467,27,4,27,4,12.077383,6.914105,24.201625,24.201624,41.330994,36.070084,34.11316,7.087810,
2016-09-11,20:49:30,155080369561,62347,3458A,16W37,01155,08036,9561,25.37246,282.676,174.240,79.884,11.596151,2519,27,4,27,4,11.568592,7.266978,24.201711,24.201710,35.023881,34.647445,32.68439,7.311930,
2016-09-11,20:51:26,155080364223,62347,3458A,16W37,01155,08036,4223,28.51014,288.395,173.082,79.016,11.465287,11.475562,5.030511,24.201663,24.201662,44.522818,36.541236,35.65399,7.143850,
2016-09-11,20:54:07,155080365092,62347,3458A,16W37,01155,08036,5092,27.66969,289.905,172.504,79.450,12.305573,2417,14,5,14,5,12.352510,7.789408,24.201674,24.201674,40.552389,35.695965,35.42987,7.760180,
2016-09-11,20:56:08,155080365095,62347,3458A,16W37,01155,08036,5095,27.94984,288.642,171.346,80.318,11.797715,2424,27,4,27,4,11.775182,6.542368,24.201714,24.201714,47.881110,37.155601,35.28979,7.339950,
2016-09-11,20:58:37,155080365075,62347,3458A,16W37,01155,08036,5075,28.87434,294.010,170.767,79.016,11.633544,2367,27,4,27,4,11.632056,6.212924,24.201569,24.201568,38.720807,34.398674,36.94268,8.068340,
2016-09-11,21:00:49,155080364223,62347,3458A,16W37,01155,08036,4223,25.51253,293.901,171.925,79.450,11.732395,2507,27,4,27,4,11.682127,5.228842,24.201682,24.201682,44.106571,36.641140,33.0766,7.564070,
2016-09-11,21:07:26,155080369023,62347,3458A,16W37,01155,08036,9023,27.5016,288.074,170.767,78.582,12.456442,2421,14,5,14,5,12.391969,5.595043,24.201706,24.201706,42.110280,35.400798,35.34582,7.844220,
2016-09-11,21:27:01,155380141524,62347,34DWA,16W37,01155,38014,1524,27.44557,289.802,174.819,84.226,12.340457,2491,11,4,11,4,12.327035,6.391248,24.201587,24.201587,33.905554,32.084456,33.58088,6.135310,
2016-09-11,21:28:34,155380141463,62347,34DWA,16W37,01155,38014,1463,27.58565,285.211,171.346,84.226,12.431165,2479,15,4,15,4,12.433193,7.251870,24.201609,24.201608,32.511529,30.795518,33.88904,6.303390,
2016-09-11,21:30:10,155380141345,62347,34DWA,16W37,01155,38014,1345,26.91329,289.262,174.240,82.055,12.204687,2521,9,4,9,4,12.200414,8.505394,24.201632,24.201631,32.407981,30.885847,32.79645,5.883160,
2016-09-11,21:35:11,155380141236,62347,34DWA,16W37,01155,38014,1236,29.18251,285.911,174.819,82.489,12.481364,2426,10,4,10,4,12.479394,9.827587,24.201605,24.201604,34.742627,33.069035,35.45788,6.275370,
2016-09-11,21:37:15,155380141366,62347,34DWA,16W37,01155,38014,1366,27.78175,290.087,172.504,83.792,12.400389,2481,9,4,9,4,12.353030,8.675749,24.201651,24.201651,30.716140,29.257801,33.88904,6.107290,
2016-09-11,21:41:05,155380141211,62347,34DWA,16W37,01155,38014,1211,27.80977,284.621,171.346,80.753,12.420347,2444,16,4,16,4,12.387106,7.838213,24.201615,24.201614,34.695984,32.837837,34.95361,7.143840,
2016-09-11,21:43:04,155380141272,62347,34DWA,16W37,01155,38014,1272,27.69771,289.035,173.661,84.226,12.372009,2452,15,4,15,4,12.369803,6.414211,24.201701,24.201700,31.386870,29.331863,34.75751,7.059800,
2016-09-11,21:46:17,155380141226,62347,34DWA,16W37,01155,38014,1226,28.31404,289.033,173.082,83.792,12.400396,2459,10,4,10,4,12.357489,7.721693,24.201570,24.201570,31.880238,30.048788,34.50537,6.191330,
2016-09-11,21:48:02,155380141381,62347,34DWA,16W37,01155,38014,1381,28.56617,283.589,174.240,84.226,12.428278,2424,14,4,14,4,12.443355,7.107686,24.201595,24.201594,35.566570,32.683581,35.54193,6.975760,
2016-09-11,21:49:52,155380141352,62347,34DWA,16W37,01155,38014,1352,27.72572,287.003,171.346,84.226,12.175159,2470,10,4,10,4,12.224886,8.037254,24.201622,24.201621,34.110741,32.338925,34.28125,6.555530,
2016-09-11,21:51:51,155380141313,62347,34DWA,16W37,01155,38014,1313,27.69771,285.589,171.925,83.357,12.180952,2473,9,4,9,4,12.178950,7.965607,24.201642,24.201641,28.708274,27.509098,34.25324,6.555530,
2016-09-11,21:53:25,155380141421,62347,34DWA,16W37,01155,38014,1421,28.14595,286.314,171.925,82.923,12.152207,2461,11,4,11,4,12.161644,8.112539,24.201635,24.201634,31.840658,30.217849,34.50537,6.359420,
2016-09-11,21:58:36,155380141441,62347,34DWA,16W37,01155,38014,1441,27.94984,289.303,174.240,83.792,12.474312,2448,13,4,13,4,12.866813,8.474925,24.201642,24.201642,36.146093,33.284023,34.89758,6.947740,
2016-09-11,22:01:19,155380141453,62347,34DWA,16W37,01155,38014,1453,27.08138,286.352,395.369,296.093,-48.282730,-47.972897,24.090969,24.022147,-0.601799,-0.858032,37.27887,10.197490,
2016-09-11,22:20:22,155380141455,62347,34DWA,16W37,01155,38014,1455,30.80738,294.070,174.819,83.792,12.306786,2380,14,4,14,4,12.278303,8.499049,24.201653,24.201653,29.965659,28.256659,36.49444,5.687060,
2016-09-11,22:21:54,155380141453,62347,34DWA,16W37,01155,38014,1453,31.3957,289.668,394.790,294.790,-48.958549,-48.503593,24.092545,24.044001,-0.848469,0.323662,37.58703,6.191330,
2016-09-11,22:24:08,155380141495,62347,34DWA,16W37,01155,38014,1495,27.92183,286.901,173.661,84.226,12.430023,2448,17,4,17,4,12.433749,7.236338,24.201595,24.201595,34.481961,32.142996,34.75751,6.835680,
2016-09-11,22:25:48,155380141593,62347,34DWA,16W37,01155,38014,1593,28.53816,284.852,173.082,83.792,12.303783,2448,13,4,13,4,12.259022,7.240853,24.201663,24.201662,32.899326,30.441475,34.78552,6.247360,
2016-09-11,22:27:34,155380141623,62347,34DWA,16W37,01155,38014,1623,27.83778,281.344,173.661,83.792,12.366402,2455,15,4,15,4,12.346863,7.375282,24.201584,24.201583,34.165460,31.373507,34.61743,6.779650,
2016-09-11,22:29:12,155380141552,62347,34DWA,16W37,01155,38014,1552,27.89381,285.075,173.082,84.660,12.354649,2468,12,4,12,4,12.392435,6.450681,24.201681,24.201681,33.474470,31.461016,34.19721,6.303400,
2016-09-11,22:30:51,155380141631,62347,34DWA,16W37,01155,38014,1631,28.59419,282.233,171.925,84.226,12.309140,2438,15,4,15,4,12.280998,6.974486,24.201670,24.201669,33.563224,31.005449,34.98163,6.387440,
2016-09-11,22:33:10,155380141542,62347,34DWA,16W37,01155,38014,1542,27.38954,285.399,174.240,84.226,12.495122,2449,22,4,22,4,12.472301,7.024499,24.201612,24.201611,31.367409,29.499062,34.72949,7.339950,
2016-09-11,22:36:52,155380141645,62347,34DWA,16W37,01155,38014,1645,28.11793,285.426,173.661,84.226,12.418488,2454,16,4,16,4,12.430002,6.615884,24.201641,24.201641,33.393468,30.490669,34.58942,6.471490,
2016-09-11,22:39:08,155380141656,62347,34DWA,16W37,01155,38014,1656,28.34205,287.516,172.504,84.226,12.425703,2419,22,4,22,4,12.410734,7.124251,24.201620,24.201620,30.808852,28.921661,35.51391,7.171860,
2016-09-11,22:41:06,155380141665,62347,34DWA,16W37,01155,38014,1665,28.22999,284.370,173.661,84.226,12.363242,2427,21,4,21,4,11.784607,5.296266,24.201637,24.201637,32.077508,29.264008,35.26178,7.031790,
2016-09-11,22:42:53,155380141684,62347,34DWA,16W37,01155,38014,1684,28.59419,284.728,174.819,84.226,12.415631,2450,11,4,11,4,12.390123,7.398210,24.201663,24.201662,31.540216,29.378922,34.72949,6.135300,
2016-09-11,22:44:36,155380141694,62347,34DWA,16W37,01155,38014,1694,28.28602,283.726,174.819,84.226,12.462052,2443,17,4,17,4,12.457709,6.524642,24.201679,24.201678,34.120639,31.342587,34.89758,6.611560,
2016-09-11,23:06:41,154980233255,62347,3433A,16W37,01154,98023,3255,27.97786,286.850,174.240,79.450,12.247449,2456,14,4,14,4,12.205414,7.047332,24.201583,24.201582,37.982650,33.843951,34.53339,6.555530,
2016-09-11,23:11:58,154980233036,62347,3433A,16W37,01154,98023,3036,27.33351,286.581,173.082,79.884,11.980162,2436,27,4,27,4,12.006391,7.208591,24.201576,24.201575,37.556938,36.822178,34.98163,7.648120,
2016-09-11,23:13:53,154980233021,62347,3433A,16W37,01154,98023,3021,28.11793,289.249,173.082,81.187,11.834346,2422,27,4,27,4,11.881065,8.183216,24.201528,24.201527,38.323179,36.226024,35.31781,7.199880,
2016-09-11,23:15:48,154980233261,62347,3433A,16W37,01154,98023,3261,30.75135,287.645,171.925,80.318,12.474297,2367,27,4,27,4,12.458678,7.565309,24.201534,24.201533,37.025074,34.579269,36.80261,6.051260,
2016-09-11,23:18:10,154980233283,62347,3433A,16W37,01154,98023,3283,28.0619,283.496,173.082,79.450,11.864104,2423,27,4,27,4,11.822215,5.413919,24.201520,24.201520,44.365401,38.494372,35.31781,7.255910,
2016-09-11,23:21:21,154980233293,62347,3433A,16W37,01154,98023,3293,27.44557,282.916,174.819,80.318,12.061883,2436,12,5,12,5,12.332223,5.843371,24.201515,24.201514,37.887216,33.910408,34.89758,7.452010,
2016-09-11,23:23:20,154980233306,62347,3433A,16W37,01154,98023,3306,28.03389,284.675,174.240,80.753,12.289149,2416,12,5,12,5,12.283124,7.142706,24.201540,24.201539,36.912697,33.440937,35.45788,7.423990,
2016-09-11,23:25:25,154980233324,62347,3433A,16W37,01154,98023,3324,28.84632,283.253,173.661,79.450,11.636604,2398,27,4,27,4,11.634501,4.777167,24.201528,24.201527,42.726308,35.258025,36.01818,7.171860,
2016-09-11,23:27:20,154980233335,62347,3433A,16W37,01154,98023,3335,27.83778,287.178,173.661,80.753,12.393131,2435,27,4,27,4,12.414718,6.835433,24.201590,24.201589,38.521711,34.002773,34.98163,7.143850,
2016-09-11,23:29:15,154980233315,62347,3433A,16W37,01154,98023,3315,27.61366,285.892,174.240,80.318,12.451062,2474,15,4,15,4,12.464560,7.492095,24.201592,24.201591,41.745378,36.940260,34.05713,6.443470,
2016-09-11,23:56:28,154980233374,62347,3433A,16W37,01154,98023,3374,27.22145,283.038,171.346,79.450,11.716916,2443,27,4,27,4,11.649135,6.236822,24.201648,24.201647,36.784404,33.014667,34.78552,7.564070,