TestDate,Time,MIS,Point 1571,Point 1572,Point 1573,Point 1574,Point 1575,Point 1576,Temperature,Current,RCTA Occupied BW,BSD Occupied BW,Power,Point 1481,Point 1666,Point 1667,Point 1668,Point 1669,Antenna1 GetTxPower,Antenna2 GetTxPower,Antenna1 GetCenterFrequency,Antenna2 GetCenterFrequency,Antenna1 GetCwLeakage,Antenna2 GetCwLeakage,Temperature,Delta,,
2016-03-05,00:05:03,171680006655,62347,34BAA,16W10,61171,68000,6655,26.21291,261.302,168.452,83.792,12.389325,2556,9,4,9,4,12.392995,6.029731,24.201584,24.201583,28.727384,26.462659,31.70386,5.490950,
2016-03-05,00:07:54,171680005691,62347,34BAA,16W10,61171,68000,5691,27.83778,270.374,174.240,84.660,12.227327,2478,9,4,9,4,12.214613,6.182491,24.201447,24.201447,26.865162,25.303821,33.94507,6.107290,
2016-03-05,00:09:11,171680005695,62347,34BAA,16W10,61171,68000,5695,27.22145,270.122,174.240,84.226,12.371469,2473,14,4,14,4,12.343529,6.228058,24.201181,24.201180,26.535135,25.214309,34.11316,6.891710,
2016-03-05,00:26:18,171680005706,62347,34BAA,16W10,61171,68000,5706,27.02535,271.647,168.452,84.226,12.424345,2506,12,4,12,4,12.972351,7.933247,24.201412,24.201412,28.123680,26.901141,33.0766,6.051250,
2016-03-05,00:29:55,171680006765,62347,34BAA,16W10,61171,68000,6765,27.13741,262.437,174.240,83.792,12.318250,2496,11,4,11,4,12.311137,7.246756,24.201498,24.201497,29.592612,27.587029,33.41278,6.275370,
2016-03-05,00:33:33,171680006775,62347,34BAA,16W10,61171,68000,6775,27.44557,261.983,173.661,84.226,12.282965,2497,10,4,10,4,12.308578,5.377564,24.201310,24.201310,30.384912,27.605299,33.32874,5.883170,
2016-03-05,00:45:05,171680006806,62347,34BAA,16W10,61171,68000,6806,27.72572,264.765,168.452,84.226,12.314462,2476,11,4,11,4,12.305025,6.423347,24.201157,24.201158,28.167270,26.162230,33.94507,6.219350,
2016-03-05,00:47:21,171680006821,62347,34BAA,16W10,61171,68000,6821,26.85726,265.644,174.819,84.226,12.282616,2515,8,4,8,4,12.278431,6.688051,24.201334,24.201331,27.942823,25.889435,32.99256,6.135300,
2016-03-05,00:48:58,171680006826,62347,34BAA,16W10,61171,68000,6826,26.9413,266.122,174.819,84.660,12.342645,2498,11,4,11,4,12.353436,6.141470,24.201473,24.201472,27.719394,26.024540,33.4408,6.499500,
2016-03-05,00:51:18,171680006841,62347,34BAA,16W10,61171,68000,6841,27.44557,264.974,172.504,83.792,12.194791,2484,10,4,10,4,12.189487,6.988507,24.201293,24.201293,29.050060,27.234113,33.805,6.359430,
2016-03-05,00:53:37,171680006846,62347,34BAA,16W10,61171,68000,6846,27.44557,266.343,171.346,84.226,12.311874,2490,8,4,8,4,12.292470,6.565839,24.201397,24.201396,29.099277,27.005039,33.69294,6.247370,
2016-03-05,00:56:27,171680006751,62347,34BAA,16W10,61171,68000,6751,26.96932,261.550,174.240,83.792,12.256282,2513,10,4,10,4,12.235532,6.107960,24.201359,24.201359,28.503183,26.611470,32.90851,5.939190,
2016-03-05,00:59:20,171680006862,62347,34BAA,16W10,61171,68000,6862,27.58565,262.157,173.082,83.792,12.183933,2490,10,4,10,4,12.545451,7.127052,24.201368,24.201368,29.781284,27.341840,33.52485,5.939200,
2016-03-05,01:01:56,171680006872,62347,34BAA,16W10,61171,68000,6872,27.55763,266.200,164.399,84.226,12.150565,2499,8,4,8,4,12.147872,5.665894,24.201436,24.201435,28.386213,26.205136,33.35675,5.799120,
2016-03-05,01:03:27,171680006876,62347,34BAA,16W10,61171,68000,6876,28.00587,261.886,173.082,83.792,12.179170,2468,10,4,10,4,12.180358,5.829091,24.201475,24.201474,28.886472,26.650597,34.14118,6.135310,
2016-03-05,01:05:30,171680005781,62347,34BAA,16W10,61171,68000,5781,27.10939,269.127,170.767,84.226,12.410341,2491,12,4,12,4,12.406024,5.943415,24.201538,24.201537,26.403479,24.903418,33.60889,6.499500,
2016-03-05,01:08:11,171680007191,62347,34BAA,16W10,61171,68000,7191,27.19344,262.492,172.504,83.357,12.452700,2496,11,4,11,4,12.475478,7.125836,24.201494,24.201494,27.949227,26.243802,33.46881,6.275370,
2016-03-05,01:11:12,171680005785,62347,34BAA,16W10,61171,68000,5785,33.69294,267.344,174.240,84.226,12.434211,2312,19,4,19,4,12.414746,6.071296,24.201305,24.201305,28.546942,26.826008,38.03527,4.342330,
2016-03-05,01:14:14,171680005794,62347,34BAA,16W10,61171,68000,5794,27.80977,267.123,169.030,84.226,12.479516,2481,11,4,11,4,12.470565,7.652443,24.201356,24.201355,25.840127,24.508257,33.77698,5.967210,
2016-03-05,01:16:47,171680006321,62347,34BAA,16W10,61171,68000,6321,27.44557,267.380,167.294,84.226,12.262068,2496,12,4,12,4,12.282042,7.683330,24.201429,24.201429,25.778661,24.474321,33.32874,5.883170,
2016-03-05,01:18:12,171680005782,62347,34BAA,16W10,61171,68000,5782,26.35299,269.618,173.661,84.226,12.399938,2529,14,4,14,4,12.341914,5.808242,24.201480,24.201480,25.837178,24.597826,32.48829,6.135300,
2016-03-05,01:20:49,171680006311,62347,34BAA,16W10,61171,68000,6311,27.33351,273.471,174.819,84.226,12.380615,2499,11,4,11,4,12.401363,6.596483,24.201327,24.201327,27.442734,26.090788,33.32874,5.995230,
2016-03-05,01:22:48,171680006314,62347,34BAA,16W10,61171,68000,6314,27.89381,271.383,173.082,84.226,12.478321,2468,14,4,14,4,12.463794,6.957139,24.201484,24.201486,26.501417,25.119863,34.11316,6.219350,
2016-03-05,01:25:05,171680006274,62347,34BAA,16W10,61171,68000,6274,27.02535,267.465,166.136,85.528,12.341896,2502,9,4,9,4,12.309517,7.080517,24.201148,24.201147,25.403844,24.246288,33.30072,6.275370,
2016-03-05,01:27:52,171680005824,62347,34BAA,16W10,61171,68000,5824,28.17396,264.482,174.819,84.660,12.206848,2464,11,4,11,4,12.216112,5.698343,24.201428,24.201428,27.507841,25.665696,34.28125,6.107290,
2016-03-05,01:30:00,171680005834,62347,34BAA,16W10,61171,68000,5834,28.17396,269.933,172.504,84.226,12.474638,2456,12,4,12,4,12.960433,6.412097,24.201304,24.201304,28.524294,26.596947,34.58942,6.415460,
2016-03-05,01:35:31,171680005845,62347,34BAA,16W10,61171,68000,5845,27.94984,266.954,174.819,83.792,12.375337,2482,10,4,10,4,12.361640,6.894488,24.201332,24.201332,29.462069,28.061066,33.74897,5.799130,
2016-03-05,01:38:13,171680006144,62347,34BAA,16W10,61171,68000,6144,27.80977,263.780,164.978,84.226,12.257162,2483,11,4,11,4,12.251328,5.697428,24.201412,24.201411,28.339460,26.401690,33.66492,5.855150,
2016-03-05,02:15:12,171680007171,62347,34BAA,16W10,61171,68000,7171,26.54909,261.567,171.925,84.226,12.254477,2519,13,4,13,4,12.260309,6.284688,24.201492,24.201491,28.469499,26.312679,32.68439,6.135300,
2016-03-05,02:16:41,171680007175,62347,34BAA,16W10,61171,68000,7175,28.20198,261.952,168.452,84.226,12.418978,2455,14,4,14,4,12.441042,6.674598,24.201320,24.201319,30.520855,28.132021,34.50537,6.303390,
2016-03-05,02:18:36,171680007145,62347,34BAA,16W10,61171,68000,7145,26.49306,265.707,173.661,84.226,12.415643,2515,11,4,11,4,12.402216,7.319000,24.201170,24.201169,28.938068,27.120321,32.93653,6.443470,
2016-03-05,02:20:33,171680007235,62347,34BAA,16W10,61171,68000,7235,27.55763,264.729,167.294,82.055,12.153337,2490,8,4,8,4,12.106522,7.285309,24.201224,24.201223,27.517844,25.842387,33.66492,6.107290,
2016-03-05,02:22:28,171680007105,62347,34BAA,16W10,61171,68000,7105,27.61366,265.540,168.452,84.226,11.714271,2476,6,4,6,4,11.719450,7.187151,24.201247,24.201247,26.980064,25.647113,34.11316,6.499500,
2016-03-05,02:27:20,171680005932,62347,34BAA,16W10,61171,68000,5932,28.14595,266.524,169.030,83.792,12.263103,2477,9,4,9,4,12.279376,7.504255,24.201312,24.201311,27.161576,25.821810,33.94507,5.799120,
2016-03-05,02:29:35,171680005935,62347,34BAA,16W10,61171,68000,5935,28.39808,264.214,170.188,82.489,12.253829,2470,9,4,9,4,12.250670,6.933697,24.201207,24.201207,25.059519,23.759649,34.08515,5.687070,
2016-03-05,02:40:08,171680007262,62347,34BAA,16W10,61171,68000,7262,27.47359,260.899,170.767,83.792,12.214711,2502,11,4,11,4,12.200188,6.248103,24.201463,24.201462,28.643789,26.579547,33.10462,5.631030,
2016-03-05,02:43:17,171680007313,62347,34BAA,16W10,61171,68000,7313,27.61366,264.970,173.082,82.055,12.252379,2494,10,4,10,4,12.278791,7.389469,24.201210,24.201210,29.094682,27.307686,33.41278,5.799120,
2016-03-05,02:45:33,171680007354,62347,34BAA,16W10,61171,68000,7354,27.69771,257.983,166.715,82.923,12.376042,2470,12,4,12,4,12.441442,6.900116,24.201486,24.201485,28.143675,26.620291,34.14118,6.443470,
2016-03-05,02:53:07,171680007323,62347,34BAA,16W10,61171,68000,7323,26.82924,260.952,169.609,80.318,12.306970,2529,9,4,9,4,12.316466,7.231069,24.201309,24.201308,28.124988,26.391816,32.46027,5.631030,
2016-03-05,02:54:59,171680007342,62347,34BAA,16W10,61171,68000,7342,27.47359,262.303,171.346,80.318,12.379827,2485,11,4,11,4,12.365486,8.634460,24.201437,24.201437,28.514110,27.069489,33.74897,6.275380,
2016-03-05,02:59:38,171680007366,62347,34BAA,16W10,61171,68000,7366,28.03389,266.256,171.346,83.792,12.301927,2479,10,4,10,4,12.327274,5.025762,24.201470,24.201470,29.478811,26.924653,33.83301,5.799120,
2016-03-05,03:05:56,171680007375,62347,34BAA,16W10,61171,68000,7375,25.98879,265.328,170.767,83.357,12.232960,2558,10,4,10,4,12.237327,7.362902,24.201176,24.201175,28.274472,26.714490,31.64783,5.659040,
2016-03-05,03:08:32,171680006662,62347,34BAA,16W10,61171,68000,6662,26.71718,261.502,172.504,82.489,12.405766,2531,10,4,10,4,12.418084,7.037538,24.201497,24.201497,28.034707,26.045996,32.37622,5.659040,
2016-03-05,03:12:57,171680007394,62347,34BAA,16W10,61171,68000,7394,27.52962,265.307,172.504,83.792,12.416852,2483,12,4,12,4,12.397735,5.319917,24.201168,24.201169,29.370981,27.103144,33.77698,6.247360,
2016-03-05,03:14:31,171680007383,62347,34BAA,16W10,61171,68000,7383,27.5016,263.363,174.819,83.792,12.333367,2480,10,4,10,4,12.315723,5.850208,24.201245,24.201245,29.803007,27.475522,33.94507,6.443470,
2016-03-05,03:24:48,171680007241,62347,34BAA,16W10,61171,68000,7241,27.19344,275.931,169.030,84.226,12.226917,2509,11,4,11,4,12.190435,6.283023,24.201442,24.201442,28.553020,26.647724,32.96454,5.771100,
2016-03-05,03:27:08,171680007293,62347,34BAA,16W10,61171,68000,7293,28.28602,264.309,164.399,83.792,12.410389,2437,16,4,16,4,12.425493,6.222025,24.201112,24.201111,28.646093,26.708291,35.03766,6.751640,
2016-03-05,03:29:11,171680007282,62347,34BAA,16W10,61171,68000,7282,27.72572,263.110,166.136,83.792,12.371552,2476,13,4,13,4,12.367793,6.746871,24.201224,24.201223,30.420001,28.118775,33.94507,6.219350,
2016-03-05,03:31:24,171680007202,62347,34BAA,16W10,61171,68000,7202,28.76228,260.602,171.346,83.357,12.358238,2444,11,4,11,4,12.379453,7.638061,24.201460,24.201460,28.604360,26.772979,34.81354,6.051260,
2016-03-05,03:32:41,171680007205,62347,34BAA,16W10,61171,68000,7205,28.76228,262.224,174.240,83.357,12.180490,2450,9,4,9,4,12.163104,7.534339,24.201468,24.201467,28.547542,26.846741,34.78552,6.023240,
2016-03-05,03:34:24,171680007415,62347,34BAA,16W10,61171,68000,7415,27.64168,268.692,168.452,84.226,12.206981,2480,8,4,8,4,12.219321,6.312432,24.201434,24.201434,27.710547,25.852460,33.97309,6.331410,
2016-03-05,03:37:29,171680007426,62347,34BAA,16W10,61171,68000,7426,27.05336,262.403,164.399,83.792,12.478258,2481,13,4,13,4,12.446786,5.724137,24.201456,24.201455,29.748287,27.308813,33.88904,6.835680,
2016-03-05,03:51:14,171680007272,62347,34BAA,16W10,61171,68000,7272,27.5016,262.586,171.925,82.055,12.455635,2492,14,4,14,4,12.435306,7.827980,24.201402,24.201402,29.128674,27.131928,33.41278,5.911180,
2016-03-05,03:53:12,171680007432,62347,34BAA,16W10,61171,68000,7432,27.69771,265.566,173.661,84.226,12.481356,2452,17,4,17,4,12.475909,7.040172,24.201415,24.201415,29.366530,27.504619,34.58942,6.891710,
2016-03-05,03:55:09,171680007452,62347,34BAA,16W10,61171,68000,7452,27.41756,260.135,174.240,83.357,12.356585,2490,7,4,7,4,12.324132,7.275716,24.201527,24.201528,30.668530,28.668900,33.66492,6.247360,
2016-03-05,03:57:07,171680007162,62347,34BAA,16W10,61171,68000,7162,27.13741,268.534,171.346,84.226,12.345676,2483,12,4,12,4,12.361833,5.744368,24.201338,24.201338,29.379631,26.814701,33.86103,6.723620,
2016-03-05,03:59:04,171680007212,62347,34BAA,16W10,61171,68000,7212,28.20198,262.710,170.767,84.226,12.372341,2442,14,4,14,4,12.351110,6.418999,24.201512,24.201512,28.501458,26.396132,34.9256,6.723620,
2016-03-05,04:01:09,171680007152,62347,34BAA,16W10,61171,68000,7152,28.45411,265.110,174.819,84.226,12.393649,2421,18,4,18,4,12.386683,6.932952,24.201323,24.201323,30.560144,28.305140,35.54193,7.087820,
2016-03-05,04:03:10,171680007462,62347,34BAA,16W10,61171,68000,7462,27.80977,260.435,174.819,83.792,12.382401,2461,14,4,14,4,12.347514,7.232305,24.201472,24.201471,29.348660,27.333418,34.39331,6.583540,
2016-03-05,04:05:11,171680007302,62347,34BAA,16W10,61171,68000,7302,27.52962,262.301,174.819,83.792,12.300529,2483,8,4,8,4,12.264896,6.833725,24.201422,24.201421,28.729868,26.803490,33.94507,6.415450,
2016-03-05,04:22:11,155380086223,62347,3418A,16W10,61155,38008,6223,26.99733,289.649,174.240,85.094,12.459874,2494,12,4,12,4,12.461261,7.196390,24.201659,24.201658,28.248841,26.614034,33.58088,6.583550,
2016-03-05,04:23:45,155380086213,62347,3418A,16W10,61155,38008,6213,27.16542,286.194,170.767,83.792,12.306466,2496,9,4,9,4,12.256744,7.741400,24.201697,24.201697,26.392101,24.832160,33.63691,6.471490,
2016-03-05,04:25:14,155380086171,62347,3418A,16W10,61155,38008,6171,27.05336,290.318,170.188,85.094,12.393186,2496,13,4,13,4,12.377415,7.533028,24.201704,24.201703,28.460685,26.552076,33.4408,6.387440,
2016-03-05,04:27:15,155380086203,62347,3418A,16W10,61155,38008,6203,26.7452,290.284,175.398,83.792,12.208261,2518,9,4,9,4,12.184310,7.951005,24.201690,24.201690,29.488835,27.478623,32.8805,6.135300,
2016-03-05,04:28:44,155380086232,62347,3418A,16W10,61155,38008,6232,26.66115,295.920,174.240,84.226,11.902016,2521,7,4,7,4,11.873836,6.394216,24.201643,24.201642,26.511989,24.712533,32.8805,6.219350,
2016-03-05,04:30:14,155380086142,62347,3418A,16W10,61155,38008,6142,27.80977,291.167,174.240,84.660,12.170913,2468,10,4,10,4,12.126862,6.109840,24.201654,24.201653,27.315515,25.493515,34.39331,6.583540,
2016-03-05,04:31:45,155380086192,62347,3418A,16W10,61155,38008,6192,27.52962,295.563,172.504,84.226,12.173596,2487,8,4,8,4,12.227238,7.480467,24.201678,24.201677,25.948067,24.560668,33.86103,6.331410,
2016-03-05,04:33:15,155380085882,62347,3418A,16W10,61155,38008,5882,27.83778,292.889,174.240,82.489,12.042636,2468,8,4,8,4,12.045620,8.131689,24.201706,24.201705,25.831474,24.451432,34.44934,6.611560,
2016-03-05,04:34:49,155380085602,62347,3418A,16W10,61155,38008,5602,26.40902,293.044,171.346,86.397,12.421724,2520,8,4,8,4,12.435852,6.787106,24.201737,24.201736,26.527150,24.497820,32.96454,6.555520,
2016-03-05,04:36:18,155380085606,62347,3418A,16W10,61155,38008,5606,28.0619,293.159,170.767,85.528,12.241696,2464,10,4,10,4,12.227685,6.434206,24.201668,24.201668,28.390066,26.307785,34.44934,6.387440,
2016-03-05,04:37:47,155380085971,62347,3418A,16W10,61155,38008,5971,27.02535,289.194,175.398,84.226,12.326266,2482,13,4,13,4,12.342112,6.785484,24.201730,24.201729,28.446464,26.533741,33.94507,6.919720,
2016-03-05,04:39:24,155380085961,62347,3418A,16W10,61155,38008,5961,27.36153,289.315,168.452,84.226,12.420956,2465,13,4,13,4,12.429621,7.456050,24.201678,24.201678,29.187179,27.549708,34.42133,7.059800,
2016-03-05,04:40:58,155380086041,62347,3418A,16W10,61155,38008,6041,26.91329,291.539,171.346,84.226,12.139332,2503,8,4,8,4,11.422158,7.327358,24.201710,24.201709,26.435559,25.039788,33.41278,6.499490,
2016-03-05,04:42:26,155380086045,62347,3418A,16W10,61155,38008,6045,27.44557,290.347,175.398,84.660,11.981689,2488,8,4,8,4,11.968004,8.079133,24.201704,24.201704,26.112711,24.712413,33.86103,6.415460,
2016-03-05,04:44:06,155380086255,62347,3418A,16W10,61155,38008,6255,27.58565,288.124,175.398,84.226,12.385814,2480,9,4,9,4,12.358870,7.805521,24.201683,24.201682,27.666888,26.028242,34.08515,6.499500,
2016-03-05,04:45:45,155380086265,62347,3418A,16W10,61155,38008,6265,27.38954,291.173,170.767,84.660,12.377250,2467,12,4,12,4,12.378102,7.101004,24.201686,24.201685,28.226058,26.393295,34.3653,6.975760,
2016-03-05,04:47:19,155380086005,62347,3418A,16W10,61155,38008,6005,27.36153,290.233,172.504,84.226,12.172049,2483,9,4,9,4,12.104677,7.595404,24.201641,24.201641,27.923250,26.117890,33.97309,6.611560,
2016-03-05,04:48:57,155380086245,62347,3418A,16W10,61155,38008,6245,27.22145,293.376,175.398,84.226,12.443577,2491,8,4,8,4,12.469180,7.242246,24.201704,24.201703,26.546067,24.832916,33.77698,6.555530,
2016-03-05,04:50:44,155380085855,62347,3418A,16W10,61155,38008,5855,27.05336,291.900,173.661,85.962,12.316655,2488,10,4,10,4,12.328372,7.079848,24.201638,24.201638,28.016010,26.224382,33.83301,6.779650,
2016-03-05,04:53:08,155380085955,62347,3418A,16W10,61155,38008,5955,27.75374,286.192,171.925,83.792,12.431754,2452,19,4,19,4,12.407948,7.374940,24.201638,24.201638,28.212074,26.737726,34.58942,6.835680,
2016-03-05,04:54:47,155380085865,62347,3418A,16W10,61155,38008,5865,27.38954,291.586,170.767,84.226,12.427834,2478,11,4,11,4,12.409175,7.242244,24.201650,24.201649,26.858439,25.306121,34.08515,6.695610,
2016-03-05,04:56:21,155380085705,62347,3418A,16W10,61155,38008,5705,27.24947,293.481,172.504,84.660,12.441119,2472,13,4,13,4,12.394925,6.743187,24.201646,24.201645,28.672349,26.731948,34.19721,6.947740,
2016-03-05,04:57:57,155380085645,62347,3418A,16W10,61155,38008,5645,26.49306,291.591,172.504,84.226,12.137840,2514,7,4,7,4,12.141758,7.170125,24.201676,24.201675,26.606335,25.141918,33.18866,6.695600,
2016-03-05,05:19:22,155380085715,62347,3418A,16W10,61155,38008,5715,24.8962,289.766,173.082,85.962,12.189968,2591,9,4,9,4,12.141411,6.270848,24.201730,24.201730,28.324774,26.099694,30.86341,5.967210,
2016-03-05,05:20:58,155380085631,62347,3418A,16W10,61155,38008,5631,27.78175,292.884,171.925,83.792,12.269289,2476,8,4,8,4,11.371185,7.421907,24.201678,24.201678,27.086458,25.407378,34.16919,6.387440,
2016-03-05,05:23:10,155380085771,62347,3418A,16W10,61155,38008,5771,27.22145,291.494,171.346,84.226,12.280139,2499,10,4,10,4,12.259356,7.674098,24.201652,24.201652,27.269789,25.731042,33.38477,6.163320,
2016-03-05,05:25:21,155380085761,62347,3418A,16W10,61155,38008,5761,27.89381,289.882,172.504,84.660,12.080137,2482,7,4,7,4,12.075200,6.565765,24.201691,24.201691,27.128908,25.429585,33.88904,5.995230,
2016-03-05,05:26:49,155380085591,62347,3418A,16W10,61155,38008,5591,26.82924,293.260,174.819,85.528,12.398434,2505,7,4,7,4,12.419433,6.129459,24.201692,24.201692,28.577435,26.548203,33.35675,6.527510,
2016-03-05,05:29:43,155380085573,62347,3418A,16W10,61155,38008,5573,27.47359,292.768,172.504,85.528,12.225885,2495,9,4,9,4,12.275491,6.992280,24.201679,24.201678,26.501993,24.865271,33.49683,6.023240,
2016-03-05,05:31:15,155380085793,62347,3418A,16W10,61155,38008,5793,27.27748,291.091,171.925,84.226,12.209620,2483,9,4,9,4,12.180607,7.912917,24.201654,24.201653,28.164229,26.406658,33.97309,6.695610,
2016-03-05,05:32:44,155380085802,62347,3418A,16W10,61155,38008,5802,27.05336,291.359,174.240,85.528,12.462599,2488,13,4,13,4,12.426819,6.921550,24.201651,24.201650,29.579463,27.669486,33.74897,6.695610,
2016-03-05,05:40:05,155380085823,62347,3418A,16W10,61155,38008,5823,26.0168,289.085,171.925,84.226,12.311618,2507,14,4,14,4,12.318008,7.628833,24.201676,24.201675,27.751225,26.335981,33.30072,7.283920,
2016-03-05,05:41:37,155380085826,62347,3418A,16W10,61155,38008,5826,28.51014,287.235,172.504,84.226,12.243263,2459,11,4,11,4,12.242567,7.774578,24.201672,24.201671,28.515532,26.904879,34.47736,5.967220,
2016-03-05,05:46:12,155380085831,62347,3419A,16W10,61155,38008,5831,27.78175,291.415,174.819,85.962,12.346014,2406,15,4,15,4,12.381660,6.980276,24.201641,24.201640,28.086102,26.400136,35.82208,8.040330,
2016-03-05,05:48:38,155380085836,62347,3419A,16W10,61155,38008,5836,27.33351,286.905,174.819,85.528,12.436024,2486,14,4,14,4,12.417423,5.534224,24.201627,24.201627,28.304400,26.337410,33.69294,6.359430,
2016-03-05,05:50:01,155380085754,62347,3419A,16W10,61155,38008,5754,27.36153,286.482,175.398,83.792,12.384435,2439,9,4,9,4,12.364863,8.669744,24.201696,24.201695,27.952201,26.326327,34.9256,7.564070,
2016-03-05,05:52:55,155380085831,62347,3419A,16W10,61155,38008,5831,26.82924,292.896,170.188,85.962,12.435523,2506,14,4,14,4,12.800274,7.442325,24.201655,24.201654,28.450802,26.695544,33.18866,6.359420,
2016-03-05,05:54:35,155380085914,62347,3419A,16W10,61155,38008,5914,27.94984,292.434,171.925,85.528,12.487669,2473,10,4,10,4,12.460542,6.314597,24.201666,24.201666,29.084363,27.230984,34.14118,6.191340,
2016-03-05,05:56:05,155380085673,62347,3419A,16W10,61155,38008,5673,28.28602,291.616,174.240,84.226,12.369565,2473,8,4,8,4,11.858037,7.384304,24.201734,24.201734,27.108502,25.444122,34.14118,5.855160,
2016-03-05,05:57:32,155380085936,62347,3419A,16W10,61155,38008,5936,27.61366,290.126,173.082,84.226,12.110404,2495,8,4,8,4,12.103736,8.121824,24.201733,24.201732,27.702803,26.183272,33.52485,5.911190,
2016-03-05,05:59:08,155380085843,62347,3419A,16W10,61155,38008,5843,27.75374,289.575,172.504,85.962,12.379389,2481,11,4,11,4,12.388833,6.770641,24.201688,24.201687,28.154105,26.163395,33.86103,6.107290,
2016-03-05,06:00:39,155380085891,62347,3419A,16W10,61155,38008,5891,27.33351,289.293,173.082,86.397,12.338995,2474,15,4,15,4,12.293740,6.283019,24.201674,24.201673,28.247421,26.465570,34.08515,6.751640,
2016-03-05,06:04:03,155380085621,62347,3419A,16W10,61155,38008,5621,27.89381,290.966,174.819,84.226,12.115273,2482,7,4,7,4,12.118827,6.804765,24.201638,24.201638,26.935090,25.245085,33.91706,6.023250,
2016-03-05,06:05:32,155380085626,62347,3419A,16W10,61155,38008,5626,27.38954,292.043,173.661,84.226,12.138233,2491,9,4,9,4,11.887612,6.716534,24.201653,24.201653,25.917125,24.350684,33.66492,6.275380,
2016-03-05,06:07:21,155380085615,62347,3419A,16W10,61155,38008,5615,27.94984,289.545,175.398,85.094,12.486882,2477,9,4,9,4,12.468384,7.148558,24.201696,24.201695,28.484931,26.494541,34.02912,6.079280,
2016-03-05,06:10:15,155380085686,62347,3419A,16W10,61155,38008,5686,28.03389,292.574,174.240,83.792,12.446748,2472,10,4,10,4,12.417072,7.548508,24.201653,24.201653,28.609241,26.656205,34.19721,6.163320,
2016-03-05,06:40:25,155380085983,62347,3419A,16W10,61155,38008,5983,23.18728,291.153,174.240,85.528,12.383776,2642,11,4,11,4,12.435223,7.091745,24.201745,24.201744,27.518269,25.896915,29.46266,6.275380,
2016-03-05,06:43:05,155380086012,62347,3419A,16W10,61155,38008,6012,28.53816,289.462,171.925,85.528,12.372736,2434,19,4,19,4,12.394279,5.806023,24.201631,24.201631,29.337872,27.113534,35.06567,6.527510,
2016-03-05,06:51:16,155380085945,62347,3419A,16W10,61155,38008,5945,26.52108,291.804,173.661,84.226,12.398360,2528,11,4,11,4,12.418055,7.150573,24.201726,24.201726,28.854529,27.059974,32.5163,5.995220,
2016-03-05,06:53:26,155380086024,62347,3419A,16W10,61155,38008,6024,27.78175,292.500,173.661,84.226,12.464854,2471,13,4,13,4,12.470764,7.768310,24.201673,24.201673,28.732348,27.137856,34.14118,6.359430,
2016-03-05,06:55:14,155380086033,62347,3419A,16W10,61155,38008,6033,26.9413,290.316,175.398,85.962,12.309032,2498,11,4,11,4,12.297688,6.571196,24.201703,24.201703,26.798771,25.339328,33.49683,6.555530,
2016-03-05,07:01:19,155380085991,62347,3419A,16W10,61155,38008,5991,25.42849,292.298,174.240,85.528,12.253494,2578,8,4,8,4,11.582315,6.355392,24.201654,24.201654,27.186303,25.297928,31.25562,5.827130,
2016-03-05,07:03:39,155380085996,62347,3419A,16W10,61155,38008,5996,27.08138,289.516,170.188,84.660,12.278226,2488,11,4,11,4,12.282220,7.032482,24.201632,24.201631,29.148877,27.143871,33.83301,6.751630,
2016-03-05,07:05:11,155380086055,62347,3419A,16W10,61155,38008,6055,27.78175,290.014,174.819,83.792,12.161726,2480,8,4,8,4,12.179410,8.265920,24.201684,24.201684,27.512017,26.059549,34.02912,6.247370,
2016-03-05,07:15:44,155380086105,62347,3419A,16W10,61155,38008,6105,25.96077,288.261,174.240,84.226,12.187051,2536,9,4,9,4,12.179313,7.162899,24.201635,24.201634,29.113447,27.074454,32.46027,6.499500,
2016-03-05,07:17:12,155380086094,62347,3419A,16W10,61155,38008,6094,27.92183,292.163,170.188,85.962,12.464712,2453,13,4,13,4,12.492379,7.135844,24.201659,24.201659,29.062628,27.197732,34.70148,6.779650,
2016-03-05,07:18:44,155380086123,62347,3419A,16W10,61155,38008,6123,27.16542,287.239,171.925,84.660,12.426568,2488,13,4,13,4,12.449029,7.008245,24.201708,24.201708,27.924943,26.347398,33.72095,6.555530,
2016-03-05,07:20:46,155380086081,62347,3419A,16W10,61155,38008,6081,27.5016,289.925,172.504,84.226,12.323090,2499,9,4,9,4,12.085649,7.695463,24.201678,24.201677,27.073255,25.375990,33.41278,5.911180,
2016-03-05,07:23:04,155380086086,62347,3419A,16W10,61155,38008,6086,28.22999,293.195,174.819,84.660,12.159648,2467,10,4,10,4,12.179494,7.763672,24.201674,24.201673,27.135553,25.624659,34.25324,6.023250,
2016-03-05,07:24:38,155380086115,62347,3419A,16W10,61155,38008,6115,26.99733,287.320,174.819,83.792,12.125400,2498,10,4,10,4,12.114334,7.464512,24.201695,24.201695,27.531851,25.855354,33.52485,6.527520,
2016-03-05,07:26:13,155380086134,62347,3419A,16W10,61155,38008,6134,27.19344,288.650,171.925,84.226,12.295237,2487,11,4,11,4,12.331569,7.719997,24.201685,24.201685,27.156207,25.608496,33.77698,6.583540,
2016-03-05,07:27:44,155380085903,62347,3419A,16W10,61155,38008,5903,27.10939,291.873,173.082,83.792,12.472153,2497,7,4,7,4,12.502877,7.963918,24.201684,24.201683,28.315162,26.615054,33.58088,6.471490,
2016-03-05,07:29:13,155380086153,62347,3419A,16W10,61155,38008,6153,27.92183,291.515,175.398,85.962,12.444746,2429,18,4,18,4,12.433922,6.364861,24.201668,24.201667,29.550779,27.893797,35.34582,7.423990,
2016-03-05,07:30:51,155380086162,62347,3419A,16W10,61155,38008,6162,26.71718,290.076,170.188,84.226,12.450810,2511,9,4,9,4,12.343477,8.413001,24.201698,24.201697,26.633012,25.366206,33.16065,6.443470,
2016-03-05,07:32:20,155380086181,62347,3419A,16W10,61155,38008,6181,26.99733,292.057,175.398,84.226,12.081038,2500,9,4,9,4,12.084074,7.675796,24.201656,24.201655,27.634434,26.143205,33.46881,6.471480,
2016-03-05,07:33:56,155380086071,62347,3419A,16W10,61155,38008,6071,27.02535,289.402,174.819,84.226,12.036698,2502,9,4,9,4,11.983060,6.497668,24.201663,24.201662,26.236070,24.557219,33.4408,6.415450,
2016-03-05,07:35:26,155380086076,62347,3419A,16W10,61155,38008,6076,26.96932,291.675,172.504,85.094,12.168827,2508,7,4,7,4,12.153023,6.655018,24.201682,24.201681,27.372122,25.457441,33.21668,6.247360,
2016-03-05,07:37:08,155380085875,62347,3419A,16W10,61155,38008,5875,28.22999,292.640,172.504,85.962,12.408065,2466,8,4,8,4,12.427421,7.382117,24.201667,24.201666,26.486065,25.194483,34.39331,6.163320,
2016-03-05,07:38:35,155380085664,62347,3419A,16W10,61155,38008,5664,28.28602,291.769,170.188,83.792,12.474493,2457,11,4,11,4,12.435481,8.271736,24.201680,24.201680,28.309369,26.607751,34.61743,6.331410,
2016-03-05,07:40:06,155380085734,62347,3419A,16W10,61155,38008,5734,28.08992,291.140,174.240,84.226,12.176883,2459,10,4,10,4,12.153142,7.238947,24.201667,24.201666,28.234076,26.166694,34.58942,6.499500,
2016-03-05,07:56:25,154980138834,62347,3433A,16W10,61154,98013,8834,27.61366,292.813,173.661,84.226,12.340477,2482,8,4,8,4,12.324327,8.090806,24.201743,24.201742,27.477541,25.971892,33.91706,6.303400,
2016-03-05,08:00:09,154980138806,62347,3433A,16W10,61154,98013,8806,27.83778,290.510,174.819,83.792,12.456409,2485,10,4,10,4,12.470382,7.989480,24.201728,24.201727,29.042291,27.144771,33.74897,5.911190,
2016-03-05,08:01:39,154980138795,62347,3433A,16W10,61154,98013,8795,28.08992,289.655,174.240,84.226,12.338401,2470,8,4,8,4,12.321654,8.351425,24.201727,24.201727,28.665882,26.900855,34.28125,6.191330,
2016-03-05,08:02:49,154980138753,62347,3433A,16W10,61154,98013,8753,27.16542,289.464,174.240,83.792,12.180387,2491,10,4,10,4,12.181900,8.000748,24.201741,24.201740,28.063577,26.464326,33.69294,6.527520,
2016-03-05,08:04:19,154980138781,62347,3433A,16W10,61154,98013,8781,27.13741,284.606,172.504,84.226,12.442296,2501,11,4,11,4,12.438293,7.761992,24.201707,24.201706,28.546443,27.019081,33.35675,6.219340,
2016-03-05,08:05:52,154980138786,62347,3433A,16W10,61154,98013,8786,28.90236,291.382,175.398,83.792,12.466790,2442,10,4,10,4,12.436495,7.870521,24.201740,24.201740,27.564457,26.061214,35.00964,6.107280,
2016-03-05,08:07:21,154980138746,62347,3433A,16W10,61154,98013,8746,27.5016,289.982,174.240,84.226,12.036075,2492,9,4,9,4,11.776219,7.055651,24.201730,24.201729,28.678448,26.767443,33.60889,6.107290,
2016-03-05,08:08:51,154980138711,62347,3433A,16W10,61154,98013,8711,27.52962,295.546,170.767,84.660,12.251973,2483,8,4,8,4,12.229536,7.896349,24.201627,24.201627,27.833043,26.223875,33.97309,6.443470,
2016-03-05,08:11:44,154980139012,62347,3433A,16W10,61154,98013,9012,27.89381,290.496,173.661,82.489,12.140180,2488,8,4,8,4,12.129887,8.491671,24.201720,24.201720,27.730463,26.172263,33.72095,5.827140,
2016-03-05,08:13:11,154980139015,62347,3433A,16W10,61154,98013,9015,27.16542,291.749,174.240,82.055,11.511786,2493,5,4,5,4,11.462284,8.526689,24.201703,24.201703,28.006803,26.585703,33.58088,6.415460,
2016-03-05,08:14:42,154980138884,62347,3433A,16W10,61154,98013,8884,27.64168,288.265,171.925,83.792,12.297354,2485,10,4,10,4,12.309583,7.431514,24.201723,24.201723,27.509941,25.824272,33.77698,6.135300,
2016-03-05,08:16:12,154980138894,62347,3433A,16W10,61154,98013,8894,27.66969,289.746,172.504,84.226,12.205923,2480,11,4,11,4,12.177781,7.106634,24.201800,24.201799,30.010453,27.867701,33.94507,6.275380,
2016-03-05,08:17:10,154980140133,62347,3433A,16W10,61154,98014,0133,27.75374,291.601,171.925,84.660,12.311028,2460,12,4,12,4,12.318699,6.440825,24.201653,24.201652,28.731226,26.683848,34.58942,6.835680,
2016-03-05,08:18:40,154980140161,62347,3433A,16W10,61154,98014,0161,27.19344,292.132,172.504,83.792,12.170208,2505,8,4,8,4,12.112741,8.414104,24.201721,24.201720,26.725212,25.295033,33.35675,6.163310,
2016-03-05,08:20:17,154980140164,62347,3433A,16W10,61154,98014,0164,28.17396,293.901,172.504,84.226,12.068953,2486,8,4,8,4,11.511183,8.225919,24.201706,24.201706,27.230954,25.793672,33.69294,5.518980,
2016-03-05,08:22:40,154980140165,62347,3433A,16W10,61154,98014,0165,35.79406,294.084,170.188,83.792,12.266544,2272,8,4,8,4,12.250099,8.702891,24.201633,24.201633,28.346258,26.794306,39.15587,3.361810,
2016-03-05,08:23:53,154980138895,62347,3433A,16W10,61154,98013,8895,26.0168,285.093,173.661,84.226,12.353937,2557,11,4,11,4,12.312528,7.268821,24.201671,24.201671,28.267582,26.641095,31.75989,5.743090,
2016-03-05,08:25:39,154980140104,62347,3433A,16W10,61154,98014,0104,28.70625,293.331,170.188,84.226,12.328044,2427,15,4,15,4,12.365215,6.809277,24.201626,24.201625,27.542684,25.775042,35.34582,6.639570,
2016-03-05,08:27:13,154980140222,62347,3433A,16W10,61154,98014,0222,28.03389,289.322,174.819,84.226,12.422961,2472,9,4,9,4,12.229755,6.923531,24.201697,24.201696,26.840798,25.223227,34.19721,6.163320,
2016-03-05,08:30:10,154980140035,62347,3433A,16W10,61154,98014,0035,27.24947,291.255,173.661,85.528,12.350587,2481,11,4,11,4,12.377537,6.601584,24.201700,24.201699,28.784888,27.134334,34.02912,6.779650,
2016-03-05,08:31:41,154980140214,62347,3433A,16W10,61154,98014,0214,27.55763,291.371,173.082,83.792,12.378468,2470,13,4,13,4,12.405874,6.810331,24.201649,24.201648,28.656330,26.863484,34.22522,6.667590,
2016-03-05,08:33:13,154980139983,62347,3433A,16W10,61154,98013,9983,27.47359,290.979,173.661,83.792,12.114222,2487,9,4,9,4,12.090289,8.030464,24.201722,24.201721,27.522086,25.923881,33.77698,6.303390,
2016-03-05,09:10:50,171680007404,62347,34BAA,16W10,61171,68000,7404,27.58565,270.962,171.346,83.792,12.150879,2491,10,4,10,4,12.127506,5.190106,24.201309,24.201309,28.909354,26.782271,33.52485,5.939200,
2016-03-05,09:30:39,154980139984,62347,3434A,16W10,61154,98013,9984,22.23477,286.943,174.240,84.660,12.440310,2691,9,4,9,4,12.408040,7.889035,24.201735,24.201734,27.790314,26.034081,28.0619,5.827130,
2016-03-05,09:32:07,154980140235,62347,3434A,16W10,61154,98014,0235,22.57095,286.633,173.082,83.357,12.263945,2678,9,4,9,4,12.280122,8.095264,24.201766,24.201765,27.702291,26.007573,28.48213,5.911180,
2016-03-05,09:33:49,154980140222,62347,3434A,16W10,61154,98014,0222,22.45889,289.231,171.925,84.226,12.379442,2685,8,4,8,4,12.364242,6.455730,24.201743,24.201742,26.029485,24.413315,28.25801,5.799120,
2016-03-05,09:35:17,154980140105,62347,3434A,16W10,61154,98014,0105,22.87911,292.782,170.767,84.660,12.435729,2655,11,4,11,4,12.434262,7.053076,24.201753,24.201753,27.335553,25.694099,29.12648,6.247370,
2016-03-05,09:38:19,154980140282,62347,3434A,16W10,61154,98014,0282,26.82924,287.585,174.240,83.792,12.322938,2515,12,4,12,4,12.305961,6.891767,24.201656,24.201656,29.327250,27.294693,32.93653,6.107290,
2016-03-05,09:39:51,154980140286,62347,3434A,16W10,61154,98014,0286,27.10939,287.071,171.346,84.226,12.493757,2502,13,4,13,4,12.480095,6.160155,24.201648,24.201648,29.923897,27.540035,33.24469,6.135300,
2016-03-05,09:41:25,154980140405,62347,3434A,16W10,61154,98014,0405,26.77321,289.061,173.082,83.792,12.178228,2525,9,4,9,4,12.168861,8.320304,24.201658,24.201658,27.339804,25.780554,32.65638,5.883170,
2016-03-05,09:42:59,154980139933,62347,3434A,16W10,61154,98013,9933,26.71718,290.673,174.819,84.660,12.155106,2525,8,4,8,4,11.714163,6.417065,24.201641,24.201640,27.180583,25.297791,32.71241,5.995230,
2016-03-05,09:44:44,154980138786,62347,3434A,16W10,61154,98013,8786,22.96316,289.352,175.398,84.226,12.076179,2665,8,4,8,4,12.075718,7.511298,24.201783,24.201783,26.703699,25.184839,28.84632,5.883160,
2016-03-05,09:46:04,154980140393,62347,3434A,16W10,61154,98014,0393,27.27748,288.854,173.661,84.226,12.409531,2474,17,4,17,4,12.422693,6.319628,24.201699,24.201698,28.816975,26.703740,34.0011,6.723620,
2016-03-05,09:47:09,154980140381,62347,3434A,16W10,61154,98014,0381,27.16542,294.852,170.188,84.226,11.956569,2500,7,4,7,4,11.956391,6.804979,24.201707,24.201706,27.710538,25.910432,33.41278,6.247360,
2016-03-05,09:50:31,154980140386,62347,3434A,16W10,61154,98014,0386,27.02535,296.516,170.188,83.792,12.324833,2515,9,4,9,4,12.325761,8.279870,24.201619,24.201618,27.041188,25.731037,32.96454,5.939190,
2016-03-05,09:51:38,154980138833,62347,3434A,16W10,61154,98013,8833,20.94608,289.658,171.346,84.226,11.860678,2733,7,4,7,4,11.815040,7.229922,24.201752,24.201752,27.232921,25.574365,26.9413,5.995220,
2016-03-05,09:53:07,154980138782,62347,3434A,16W10,61154,98013,8782,22.43087,286.093,173.661,84.226,12.197780,2681,8,4,8,4,12.244066,6.987453,24.201790,24.201789,27.793143,25.937220,28.39808,5.967210,
2016-03-05,09:56:00,154980140206,62347,3434A,16W10,61154,98014,0206,27.13741,287.844,173.082,83.792,12.270559,2504,9,4,9,4,12.749699,7.894394,24.201683,24.201683,29.080613,27.238145,33.27271,6.135300,
2016-03-05,10:01:18,154980139883,62347,3434A,16W10,61154,98013,9883,31.08753,290.954,172.504,84.660,12.311130,2408,11,4,11,4,12.361146,7.908595,24.201601,24.201600,28.316898,26.733107,35.682,4.594470,
2016-03-05,10:03:02,154980140171,62347,3434A,16W10,61154,98014,0171,27.52962,292.131,172.504,84.660,12.293932,2483,12,4,12,4,12.288235,7.206282,24.201689,24.201688,27.868499,26.227330,33.805,6.275380,
2016-03-05,10:09:42,154980140296,62347,3434A,16W10,61154,98014,0296,28.00587,290.418,173.661,83.792,12.230485,2478,9,4,9,4,12.241023,7.996725,24.201691,24.201691,28.641026,26.843842,33.97309,5.967220,
2016-03-05,10:11:25,154980139956,62347,3434A,16W10,61154,98013,9956,27.27748,291.712,173.661,83.792,12.242851,2501,9,4,9,4,12.495259,7.317687,24.201713,24.201712,27.213562,25.625244,33.38477,6.107290,
2016-03-05,10:13:27,154980140305,62347,3434A,16W10,61154,98014,0305,27.47359,291.293,173.082,83.792,12.298432,2489,10,4,10,4,12.318038,7.665920,24.201638,24.201637,30.556929,28.258904,33.66492,6.191330,
2016-03-05,10:14:57,154980140086,62347,3434A,16W10,61154,98014,0086,26.96932,291.628,173.661,84.226,12.249905,2511,8,4,8,4,12.164278,7.927142,24.201657,24.201656,27.043624,25.659667,33.10462,6.135300,
2016-03-05,10:16:52,154980140326,62347,3434A,16W10,61154,98014,0326,27.52962,287.420,174.240,83.792,12.170489,2486,11,4,11,4,12.163216,7.607308,24.201643,24.201643,28.251145,26.498638,33.72095,6.191330,
2016-03-05,10:19:01,154980140316,62347,3434A,16W10,61154,98014,0316,27.36153,289.305,171.925,83.792,12.281220,2495,10,4,10,4,12.267609,6.894863,24.201707,24.201706,28.009400,26.280146,33.55286,6.191330,
2016-03-05,10:20:41,154980139905,62347,3434A,16W10,61154,98013,9905,27.52962,293.196,172.504,84.226,12.291176,2488,7,4,7,4,12.271236,8.440418,24.201697,24.201696,28.093012,26.762350,33.72095,6.191330,
2016-03-05,10:22:11,154980140363,62347,3434A,16W10,61154,98014,0363,27.72572,291.106,172.504,84.660,11.995101,2484,8,4,8,4,12.008637,7.004293,24.201619,24.201618,27.898443,26.279690,33.88904,6.163320,
2016-03-05,10:23:13,154980140191,62347,3434A,16W10,61154,98014,0191,27.80977,290.910,174.819,83.792,12.299971,2467,13,4,13,4,12.276546,7.561203,24.201664,24.201664,29.190845,27.160024,34.28125,6.471480,
2016-03-05,10:25:10,154980140195,62347,3434A,16W10,61154,98014,0195,29.40663,294.004,174.240,84.226,12.296658,2454,10,4,10,4,12.287163,6.708855,24.201648,24.201648,28.374322,26.294803,34.44934,5.042710,
2016-03-05,10:26:39,154980139945,62347,3434A,16W10,61154,98013,9945,27.66969,294.657,174.240,84.226,12.334151,2483,12,4,12,4,12.329590,6.642006,24.201638,24.201638,27.848711,26.253040,33.805,6.135310,
2016-03-05,10:27:44,154980139923,62347,3434A,16W10,61154,98013,9923,27.02535,290.241,173.661,83.792,12.008044,2509,9,4,9,4,12.502389,7.943458,24.201649,24.201648,27.474053,26.026119,33.16065,6.135300,
2016-03-05,10:30:02,154980139894,62347,3434A,16W10,61154,98013,9894,28.08992,294.180,172.504,84.226,12.317342,2465,11,4,11,4,12.303176,7.225514,24.201693,24.201692,28.316469,26.692273,34.33728,6.247360,
2016-03-05,10:44:19,154980139996,62347,3434A,16W10,61154,98013,9996,26.49306,294.119,174.240,84.226,12.093232,2531,8,4,8,4,12.066347,6.488278,24.201656,24.201655,26.747207,25.270447,32.5163,6.023240,
2016-03-05,11:10:18,154980140006,62347,3434A,16W10,61154,98014,0006,26.60512,290.461,171.925,83.792,12.234775,2532,8,4,8,4,11.849903,8.101770,24.201779,24.201779,28.010261,26.325583,32.54432,5.939200,
2016-03-05,11:15:10,154980140026,62347,3434A,16W10,61154,98014,0026,27.3055,289.037,173.082,84.226,12.410407,2509,9,4,9,4,12.385750,8.441235,24.201784,24.201783,28.576615,27.167688,33.0766,5.771100,
2016-03-05,11:16:57,154980140014,62347,3434A,16W10,61154,98014,0014,27.72572,287.800,174.819,83.792,12.198618,2487,10,4,10,4,12.222035,8.409472,24.201685,24.201685,27.839562,26.275109,33.72095,5.995230,
2016-03-05,11:18:28,154980139832,62347,3434A,16W10,61154,98013,9832,27.83778,294.314,175.398,84.226,12.080107,2483,8,4,8,4,12.071007,8.379582,24.201687,24.201686,25.846244,24.655396,33.91706,6.079280,
2016-03-05,11:20:41,154980139836,62347,3434A,16W10,61154,98013,9836,26.88527,290.563,173.661,83.792,12.077389,2522,8,4,8,4,11.991373,7.957906,24.201716,24.201715,25.680438,24.376546,32.74043,5.855160,
2016-03-05,11:22:05,154980140074,62347,3434A,16W10,61154,98014,0074,27.83778,292.380,175.398,84.226,12.467714,2479,9,4,9,4,12.477862,8.284529,24.201679,24.201678,26.875726,25.637454,34.08515,6.247370,
2016-03-05,11:45:26,154980140096,62347,3434A,16W10,61154,98014,0096,26.18489,288.600,173.661,84.660,12.061587,2555,8,4,8,4,12.030745,6.363372,24.201708,24.201708,26.539558,25.021161,31.75989,5.575000,
2016-03-05,11:47:04,154980140116,62347,3434A,16W10,61154,98014,0116,28.34205,290.611,172.504,84.226,12.492417,2443,14,4,14,4,12.490159,7.231002,24.201704,24.201703,28.666687,26.666297,34.89758,6.555530,
2016-03-05,11:56:00,154980140112,62347,3433A,16W10,61154,98014,0112,24.56002,289.698,174.240,84.226,12.346625,2606,9,4,9,4,12.316212,7.730875,24.201719,24.201719,27.157429,25.509717,30.44319,5.883170,
2016-03-05,11:57:29,154980140042,62347,3433A,16W10,61154,98014,0042,25.06429,294.008,173.661,84.660,12.332882,2578,13,4,13,4,12.331162,7.718388,24.201737,24.201737,28.693121,26.968447,31.17158,6.107290,
2016-03-05,12:10:38,154980140122,62347,3433A,16W10,61154,98014,0122,27.61366,290.009,173.082,84.226,12.335029,2491,7,4,7,4,12.306281,7.926920,24.201628,24.201628,27.816387,26.322288,33.60889,5.995230,
2016-03-05,12:12:13,154980140141,62347,3433A,16W10,61154,98014,0141,27.08138,291.251,174.240,83.792,12.111350,2503,8,4,8,4,12.075691,8.061505,24.201674,24.201673,28.629724,26.918320,33.32874,6.247360,
2016-03-05,12:13:24,154980140145,62347,3433A,16W10,61154,98014,0145,26.85726,293.480,173.661,83.792,12.448071,2497,13,4,13,4,12.358612,8.008969,24.201755,24.201754,30.100304,28.301370,33.46881,6.611550,
2016-03-05,12:15:52,154980139824,62347,3433A,16W10,61154,98013,9824,28.34205,293.739,172.504,83.792,12.264320,2465,9,4,9,4,12.582991,8.782705,24.201658,24.201658,27.719358,26.321354,34.28125,5.939200,
2016-03-05,12:17:22,154980139853,62347,3433A,16W10,61154,98013,9853,28.00587,292.555,171.925,84.226,12.234121,2459,10,4,10,4,12.275017,7.492437,24.201625,24.201625,28.633245,27.052978,34.61743,6.611560,
2016-03-05,12:20:22,154980139875,62347,3433A,16W10,61154,98013,9875,28.00587,292.672,170.188,83.792,12.450399,2482,8,4,8,4,12.403718,6.841322,24.201653,24.201652,29.657778,27.337552,33.94507,5.939200,
2016-03-05,12:22:51,154980140066,62347,3433A,16W10,61154,98014,0066,27.66969,291.902,174.819,83.792,12.420171,2481,10,4,10,4,12.376728,8.300117,24.201689,24.201689,26.821719,25.508099,33.88904,6.219350,
2016-03-05,12:24:26,154980140185,62347,3433A,16W10,61154,98014,0185,28.31404,292.632,171.346,84.660,12.415904,2449,12,4,12,4,12.436337,5.745560,24.201654,24.201654,29.230391,27.039864,34.81354,6.499500,
2016-03-05,12:26:02,154980140154,62347,3433A,16W10,61154,98014,0154,27.69771,289.674,171.925,84.660,12.297945,2474,10,4,10,4,12.294056,7.146093,24.201615,24.201614,27.550243,25.839246,34.16919,6.471480,
2016-03-05,12:27:39,154980140052,62347,3433A,16W10,61154,98014,0052,27.41756,294.176,174.819,84.226,12.186178,2494,9,4,9,4,12.162315,7.606699,24.201619,24.201618,27.862957,26.288295,33.55286,6.135300,
2016-03-05,12:30:33,154980139911,62347,3433A,16W10,61154,98013,9911,27.05336,287.051,174.819,85.094,12.323094,2483,14,4,14,4,12.355125,7.158517,24.201666,24.201666,27.700653,25.949824,33.88904,6.835680,
2016-03-05,12:32:05,154980139915,62347,3433A,16W10,61154,98013,9915,28.20198,289.566,174.240,84.226,12.432878,2454,13,4,13,4,12.405086,7.048406,24.201685,24.201685,28.907571,27.244099,34.61743,6.415450,
2016-03-05,12:33:36,154980140254,62347,3433A,16W10,61154,98014,0254,27.92183,292.673,172.504,84.226,12.389078,2469,11,4,11,4,12.356922,8.072027,24.201680,24.201680,28.758407,27.131680,34.30927,6.387440,
2016-03-05,12:35:06,154980140414,62347,3433A,16W10,61154,98014,0414,27.38954,288.745,173.661,84.226,12.347209,2495,8,4,8,4,12.290604,7.152307,24.201681,24.201680,28.769414,27.098509,33.55286,6.163320,
2016-03-05,12:37:35,154980139975,62347,3433A,16W10,61154,98013,9975,27.94984,295.232,173.661,85.528,12.211941,2470,6,4,6,4,12.213129,7.351967,24.201697,24.201696,26.242926,24.754553,34.28125,6.331410,
2016-03-05,12:39:05,154980138193,62347,3433A,16W10,61154,98013,8193,27.69771,296.261,173.082,84.226,12.252911,2473,11,4,11,4,12.259648,7.877509,24.201646,24.201645,27.227766,25.958031,34.16919,6.471480,
2016-03-05,12:41:38,154980140475,62347,3433A,16W10,61154,98014,0475,27.52962,292.543,174.819,84.660,12.465917,2498,8,4,8,4,11.839410,7.461333,24.201615,24.201614,27.882697,26.041211,33.46881,5.939190,
2016-03-05,12:43:10,154980140274,62347,3433A,16W10,61154,98014,0274,28.11793,291.415,170.767,84.660,12.424965,2410,24,4,24,4,12.423692,6.671916,24.201656,24.201655,30.382142,28.146561,35.85009,7.732160,
2016-03-05,12:44:49,154980140484,62347,3433A,16W10,61154,98014,0484,27.52962,294.958,172.504,84.660,12.401109,2480,10,4,10,4,12.400598,6.740695,24.201705,24.201705,27.980096,26.199334,34.02912,6.499500,
2016-03-05,12:46:19,154980140513,62347,3433A,16W10,61154,98014,0513,27.97786,292.477,172.504,85.962,12.135548,2463,10,4,10,4,12.145542,6.492810,24.201716,24.201716,29.231674,27.265603,34.53339,6.555530,
2016-03-05,12:48:02,154980140523,62347,3433A,16W10,61154,98014,0523,27.58565,295.004,171.346,84.226,12.331522,2450,16,4,16,4,12.318865,7.294150,24.201717,24.201716,27.923920,25.922721,34.81354,7.227890,
2016-03-05,12:49:58,154980140533,62347,3433A,16W10,61154,98014,0533,27.80977,292.751,171.925,82.923,12.387829,2463,10,4,10,4,12.431100,8.845484,24.201698,24.201697,27.129246,26.127088,34.50537,6.695600,
2016-03-05,12:51:28,154980140431,62347,3433A,16W10,61154,98014,0431,28.08992,289.803,175.398,81.621,12.226956,2475,8,4,8,4,12.192662,8.337337,24.201674,24.201673,27.544399,26.217894,34.16919,6.079270,
2016-03-05,12:52:57,154980140436,62347,3433A,16W10,61154,98014,0436,27.38954,291.098,170.767,82.055,12.295760,2494,10,4,10,4,12.310011,8.164330,24.201687,24.201687,28.632131,27.054881,33.60889,6.219350,
2016-03-05,12:54:25,154980140445,62347,3433A,16W10,61154,98014,0445,27.89381,293.769,173.661,84.226,12.422871,2481,8,4,8,4,12.400409,8.473376,24.201706,24.201706,27.234276,26.015695,34.02912,6.135310,
2016-03-05,13:44:33,155280071715,62347,3425A,16W10,61155,28007,1715,27.8658,278.225,174.240,84.660,12.383818,2469,15,4,15,4,12.352596,6.798111,24.200929,24.200929,27.698477,26.365136,34.14118,6.275380,
2016-03-05,13:46:07,155280071773,62347,3425A,16W10,61155,28007,1773,27.61366,276.275,169.609,84.660,12.483480,2474,17,4,17,4,12.441373,6.552809,24.201197,24.201198,27.398407,26.109906,33.97309,6.359430,
2016-03-05,13:47:46,155280071722,62347,3425A,16W10,61155,28007,1722,26.96932,277.535,174.240,84.226,12.415952,2495,17,4,17,4,12.392580,6.635957,24.200930,24.200930,26.551235,25.596702,33.35675,6.387430,
2016-03-05,13:49:21,155280071401,62347,3425A,16W10,61155,28007,1401,27.41756,273.503,175.398,84.226,11.828086,2500,5,4,5,4,11.825856,7.483687,24.201124,24.201123,25.203820,24.247386,33.30072,5.883160,
2016-03-05,13:50:52,155280071821,62347,3425A,16W10,61155,28007,1821,27.22145,275.338,171.346,84.660,12.396132,2491,15,4,15,4,12.381629,6.060576,24.201227,24.201226,28.173398,26.805757,33.46881,6.247360,
2016-03-05,13:52:40,155280071632,62347,3425A,16W10,61155,28007,1632,28.51014,275.060,169.609,84.226,12.480687,2446,14,4,14,4,12.443519,6.727958,24.201063,24.201063,26.332059,24.818234,34.75751,6.247370,
2016-03-05,13:53:49,155280071636,62347,3425A,16W10,61155,28007,1636,27.36153,272.831,171.925,84.660,12.413609,2478,15,4,15,4,12.409882,6.714695,24.201107,24.201107,26.628989,25.173831,33.86103,6.499500,
2016-03-05,13:55:23,155280071834,62347,3425A,16W10,61155,28007,1834,27.64168,269.336,173.082,84.226,12.346279,2482,13,4,13,4,12.367936,7.058997,24.200953,24.200953,26.944455,25.775757,33.77698,6.135300,
2016-03-05,13:56:55,155280071485,62347,3425A,16W10,61155,28007,1485,27.64168,269.189,173.082,83.792,11.862864,2480,6,4,6,4,11.854235,7.927338,24.201035,24.201035,26.264832,25.049970,33.88904,6.247360,
2016-03-05,13:58:26,155280071444,62347,3425A,16W10,61155,28007,1444,27.64168,272.203,173.661,84.660,12.007536,2488,8,4,8,4,11.999575,7.025002,24.201256,24.201256,25.800856,24.559659,33.72095,6.079270,
2016-03-05,14:29:14,155280071421,62347,3425A,16W10,61155,28007,1421,27.08138,271.109,172.504,82.489,12.171341,2505,7,4,7,4,12.157916,8.843303,24.201280,24.201279,24.848515,23.830969,33.24469,6.163310,
2016-03-05,14:30:53,155280071491,62347,3425A,16W10,61155,28007,1491,27.36153,274.523,173.661,87.699,12.192525,2493,9,4,9,4,11.684502,5.622525,24.201080,24.201080,26.188115,24.724542,33.58088,6.219350,
2016-03-05,14:32:28,155280071494,62347,3425A,16W10,61155,28007,1494,27.66969,273.470,174.819,84.660,12.245494,2491,10,4,10,4,12.194153,6.249183,24.201299,24.201301,26.497037,25.034924,33.58088,5.911190,
2016-03-05,14:34:59,155280071736,62347,3425A,16W10,61155,28007,1736,27.27748,277.146,172.504,84.660,12.358652,2491,14,4,14,4,12.285676,6.685255,24.201129,24.201128,28.027304,26.327429,33.49683,6.219350,
2016-03-05,14:36:33,155280071755,62347,3425A,16W10,61155,28007,1755,27.33351,276.630,174.819,84.226,12.369006,2480,14,4,14,4,11.752681,6.407292,24.201044,24.201043,26.977317,25.895179,33.86103,6.527520,
2016-03-05,14:38:17,155280071783,62347,3425A,16W10,61155,28007,1783,27.8658,277.871,174.819,84.660,12.331768,2461,15,4,15,4,12.324399,6.515612,24.201103,24.201103,26.817794,25.481051,34.39331,6.527510,
2016-03-05,14:41:25,155280071785,62347,3425A,16W10,61155,28007,1785,27.02535,275.277,174.819,84.660,12.369244,2515,11,4,11,4,12.374857,7.362296,24.201266,24.201267,26.180174,24.967219,32.90851,5.883160,
2016-03-05,14:43:34,155280071795,62347,3425A,16W10,61155,28007,1795,28.14595,270.485,171.925,84.226,12.352908,2466,13,4,13,4,12.326051,7.261182,24.201123,24.201124,27.071170,25.692557,34.16919,6.023240,
2016-03-05,14:45:10,155280071413,62347,3425A,16W10,61155,28007,1413,27.52962,271.483,169.609,86.397,12.223720,2494,10,4,10,4,12.217407,5.751575,24.201317,24.201316,26.856209,25.315369,33.49683,5.967210,
2016-03-05,14:46:40,155280071743,62347,3425A,16W10,61155,28007,1743,27.44557,273.903,174.240,84.660,12.364613,2483,12,4,12,4,12.308062,6.388303,24.201158,24.201157,26.869626,25.721478,33.83301,6.387440,
2016-03-05,14:47:59,155280071746,62347,3425A,16W10,61155,28007,1746,28.51014,278.109,174.240,86.397,12.380463,2446,12,4,12,4,12.440507,6.706520,24.200838,24.200838,26.419060,25.128930,34.81354,6.303400,
2016-03-05,14:49:43,155280071804,62347,3425A,16W10,61155,28007,1804,27.89381,277.642,175.398,85.962,12.405738,2451,18,4,18,4,12.381167,6.763568,24.201135,24.201136,29.401139,27.595992,34.64545,6.751640,
2016-03-05,14:50:56,155280071806,62347,3425A,16W10,61155,28007,1806,27.8658,271.491,173.661,84.226,12.451656,2457,20,4,20,4,12.420023,6.847866,24.201210,24.201209,29.342447,27.692601,34.39331,6.527510,
2016-03-05,14:52:32,155280071471,62347,3425A,16W10,61155,28007,1471,27.55763,272.089,174.240,85.528,12.002115,2497,7,4,7,4,11.962429,5.196140,24.201233,24.201233,27.296204,25.481481,33.35675,5.799120,
2016-03-05,14:54:18,155280071475,62347,3425A,16W10,61155,28007,1475,27.36153,275.427,172.504,86.397,12.424669,2469,15,4,15,4,12.436124,6.958677,24.201056,24.201055,28.311791,26.788942,34.19721,6.835680,
2016-03-05,15:14:06,155280071373,62347,3425A,16W10,61155,28007,1373,24.67208,265.851,172.504,84.660,12.432068,2603,11,4,11,4,12.397106,7.119135,24.200933,24.200933,26.873742,25.320192,30.41517,5.743090,
2016-03-05,15:15:37,155280071392,62347,3425A,16W10,61155,28007,1392,28.22999,272.546,172.504,84.660,12.301818,2471,10,4,10,4,12.277552,6.615861,24.200880,24.200880,25.980729,24.558540,34.08515,5.855160,
2016-03-05,15:17:15,155280071381,62347,3425A,16W10,61155,28007,1381,27.58565,270.942,174.240,84.226,12.308500,2486,12,4,12,4,12.272769,6.789569,24.201408,24.201408,27.773839,26.102846,33.66492,6.079270,
2016-03-05,15:18:49,155280071701,62347,3425A,16W10,61155,28007,1701,27.36153,274.487,172.504,84.226,12.253478,2493,8,4,8,4,12.288023,6.145879,24.201079,24.201079,27.117016,25.996704,33.63691,6.275380,
2016-03-05,15:20:19,155280071705,62347,3425A,16W10,61155,28007,1705,27.64168,274.683,173.661,84.660,12.492766,2477,13,4,13,4,12.474254,6.666959,24.201132,24.201132,27.381114,26.035379,34.0011,6.359420,
2016-03-05,15:21:52,155280070004,62347,3425A,16W10,61155,28007,0004,28.0619,279.036,174.819,84.660,12.188365,2472,10,4,10,4,12.185258,7.014459,24.201595,24.201595,28.022027,26.449601,34.14118,6.079280,
2016-03-05,15:23:24,155280071856,62347,3425A,16W10,61155,28007,1856,28.03389,275.957,172.504,84.226,12.259612,2463,12,4,12,4,12.260773,6.754582,24.201140,24.201140,26.820907,25.417343,34.30927,6.275380,
2016-03-05,15:24:57,155280071765,62347,3425A,16W10,61155,28007,1765,28.67823,278.396,174.240,83.792,12.149025,2450,9,4,9,4,12.553114,8.444369,24.200844,24.200845,26.197036,24.894730,34.72949,6.051260,
2016-03-05,15:26:35,155280071816,62347,3425A,16W10,61155,28007,1816,27.64168,278.383,174.819,84.226,12.433403,2473,10,4,10,4,12.422316,7.056534,24.201135,24.201135,26.426153,25.155429,34.22522,6.583540,
2016-03-05,15:29:50,155280071506,62347,3425A,16W10,61155,28007,1506,28.67823,276.423,174.240,84.660,12.484100,2458,8,4,8,4,12.490043,6.902944,24.201055,24.201055,27.159796,25.651934,34.39331,5.715080,
2016-03-05,15:31:21,155280071844,62347,3425A,16W10,61155,28007,1844,29.04243,274.831,174.240,84.660,12.178865,2442,9,4,9,4,12.613516,7.500959,24.201199,24.201199,26.892654,25.554545,34.98163,5.939200,
2016-03-05,15:32:49,155280071973,62347,3425A,16W10,61155,28007,1973,27.97786,275.270,171.346,85.094,12.297152,2481,8,4,8,4,11.946437,7.021156,24.201343,24.201342,26.327728,24.778951,33.91706,5.939200,
2016-03-05,15:34:43,155280071954,62347,3425A,16W10,61155,28007,1954,28.20198,270.832,173.082,85.094,12.342207,2448,15,4,15,4,12.333379,6.053486,24.201095,24.201094,28.382737,26.327010,34.75751,6.555530,
2016-03-05,15:36:17,155280071883,62347,3425A,16W10,61155,28007,1883,27.69771,269.216,172.504,84.226,12.383382,2454,20,4,20,4,12.382341,6.054210,24.201272,24.201271,28.354947,26.027538,34.53339,6.835680,
2016-03-05,15:38:01,155280071886,62347,3425A,16W10,61155,28007,1886,27.75374,269.740,173.661,85.962,12.364774,2481,15,4,15,4,12.351576,6.584359,24.201176,24.201175,28.826654,26.894161,33.69294,5.939200,
2016-03-05,15:39:34,155280072051,62347,3425A,16W10,61155,28007,2051,27.10939,273.646,173.082,85.528,12.256711,2520,9,4,9,4,12.182562,7.228752,24.201283,24.201283,27.946419,26.251218,32.76844,5.659050,
2016-03-05,15:41:02,155280072061,62347,3425A,16W10,61155,28007,2061,28.84632,271.939,172.504,84.660,12.469922,2449,11,4,11,4,12.470738,7.621131,24.201057,24.201057,28.455078,26.701802,34.67346,5.827140,
2016-03-05,15:42:33,155280072072,62347,3425A,16W10,61155,28007,2072,27.61366,271.359,172.504,83.792,12.166817,2482,9,4,9,4,12.141673,7.613917,24.201278,24.201277,27.621030,26.057809,33.91706,6.303400,
2016-03-05,15:44:02,155280072076,62347,3425A,16W10,61155,28007,2076,28.48213,271.715,174.819,85.094,12.489989,2466,8,4,8,4,12.463512,7.709525,24.201197,24.201196,26.648098,24.876732,34.28125,5.799120,
2016-03-05,15:48:57,155180073324,62347,3424A,16W10,61155,18007,3324,27.58565,271.723,170.767,84.226,12.165546,2477,10,4,10,4,12.122946,6.211879,24.200974,24.200974,28.624694,26.242325,34.05713,6.471480,
2016-03-05,15:50:28,155180073332,62347,3424A,16W10,61155,18007,3332,27.66969,270.484,174.240,84.226,12.182096,2487,9,4,9,4,12.203824,6.984182,24.200967,24.200967,28.886770,26.590258,33.69294,6.023250,
2016-03-05,15:52:00,155180073341,62347,3424A,16W10,61155,18007,3341,28.20198,271.971,169.609,84.226,12.357905,2472,8,4,8,4,12.319990,7.890720,24.201457,24.201456,26.184851,24.953099,34.11316,5.911180,
2016-03-05,15:55:11,155180073353,62347,3424A,16W10,61155,18007,3353,28.31404,271.847,174.819,83.792,12.239896,2473,9,4,9,4,12.212025,8.224161,24.201021,24.201020,28.324196,26.617016,34.0011,5.687060,
2016-03-05,15:56:41,155180073372,62347,3424A,16W10,61155,18007,3372,27.78175,273.523,174.240,84.226,12.390404,2473,9,4,9,4,12.362535,6.464564,24.200775,24.200774,27.799083,25.762544,34.16919,6.387440,
2016-03-05,15:58:56,155180073375,62347,3424A,16W10,61155,18007,3375,27.8658,274.354,172.504,84.226,11.898389,2491,7,4,7,4,11.902657,7.022037,24.200945,24.200944,28.015748,26.008812,33.58088,5.715080,
2016-03-05,16:00:27,155180073383,62347,3424A,16W10,61155,18007,3383,27.38954,273.866,173.082,83.357,12.261557,2503,10,4,10,4,12.295634,8.330086,24.200936,24.200936,27.967779,26.306911,33.24469,5.855150,
2016-03-05,16:01:59,155180073406,62347,3424A,16W10,61155,18007,3406,27.44557,271.047,169.030,83.792,12.327491,2482,11,4,11,4,12.305862,7.373231,24.201370,24.201370,28.430793,26.563884,33.86103,6.415460,
2016-03-05,16:03:18,155180073423,62347,3424A,16W10,61155,18007,3423,28.08992,269.986,169.609,84.226,12.441317,2445,18,4,18,4,12.431472,8.389880,24.200852,24.200851,29.108377,27.327332,34.78552,6.695600,
2016-03-05,16:04:53,155180073425,62347,3424A,16W10,61155,18007,3425,28.31404,271.866,170.188,84.226,12.282284,2472,10,4,10,4,12.251705,7.628759,24.200994,24.200994,27.491745,25.879045,34.08515,5.771110,
2016-03-05,16:06:34,155180073415,62347,3424A,16W10,61155,18007,3415,28.6222,272.435,174.819,84.226,12.305330,2461,9,4,9,4,12.532466,8.482549,24.201010,24.201010,27.771044,26.352012,34.44934,5.827140,
2016-03-05,16:08:04,155180073434,62347,3424A,16W10,61155,18007,3434,28.73426,270.825,174.240,83.792,12.289130,2449,12,4,12,4,12.245751,8.064443,24.200943,24.200942,28.876146,27.092450,34.72949,5.995230,
2016-03-05,16:09:36,155180073445,62347,3424A,16W10,61155,18007,3445,28.59419,271.031,174.819,84.226,12.451010,2453,11,4,11,4,12.413831,8.884614,24.201018,24.201017,28.543730,27.204350,34.61743,6.023240,
2016-03-05,16:11:07,155180073464,62347,3424A,16W10,61155,18007,3464,28.56617,269.162,173.082,83.792,12.297657,2461,9,4,9,4,12.336906,8.121758,24.201457,24.201456,28.296909,26.649501,34.3653,5.799130,
2016-03-05,16:12:35,155180073454,62347,3424A,16W10,61155,18007,3454,27.75374,269.961,174.819,85.094,12.441010,2484,10,4,10,4,12.411648,6.855770,24.200985,24.200984,27.919783,26.089273,33.72095,5.967210,
2016-03-05,16:13:49,155180073471,62347,3424A,16W10,61155,18007,3471,28.51014,270.501,172.504,84.226,12.279175,2458,10,4,10,4,12.298044,7.921106,24.200913,24.200912,27.635093,26.191901,34.50537,5.995230,
2016-03-05,16:15:19,155180073474,62347,3424A,16W10,61155,18007,3474,27.69771,275.327,171.925,84.226,12.115108,2500,8,4,8,4,12.324171,8.178435,24.201078,24.201078,26.313542,25.090614,33.32874,5.631030,
2016-03-05,16:16:47,155180073486,62347,3424A,16W10,61155,18007,3486,28.14595,271.706,171.925,84.226,12.355200,2470,11,4,11,4,12.344232,8.538877,24.200999,24.200998,27.819555,26.307796,34.11316,5.967210,
2016-03-05,16:18:18,155180073493,62347,3424A,16W10,61155,18007,3493,28.73426,270.029,175.398,84.226,12.250592,2456,11,4,11,4,12.244929,6.855013,24.201154,24.201154,27.296329,25.699645,34.5614,5.827140,
2016-03-05,16:21:15,155180073515,62347,3424A,16W10,61155,18007,3515,28.14595,271.426,169.609,83.792,12.336684,2467,14,4,14,4,12.335142,7.919608,24.201040,24.201040,27.459805,25.862974,34.19721,6.051260,
2016-03-05,16:22:47,155180073361,62347,3424A,16W10,61155,18007,3361,26.88527,268.268,173.661,84.226,12.307068,2524,12,4,12,4,12.288026,7.061836,24.201220,24.201220,28.368378,26.736663,32.57233,5.687060,
2016-03-05,16:24:18,155180073554,62347,3424A,16W10,61155,18007,3554,28.37007,267.876,174.240,84.226,12.252139,2454,11,4,11,4,12.221014,7.851704,24.200978,24.200977,28.069969,26.473558,34.64545,6.275380,
2016-03-05,16:25:47,155180073391,62347,3424A,16W10,61155,18007,3391,28.6222,269.392,171.346,84.226,12.371465,2455,12,4,12,4,12.374939,8.061164,24.201328,24.201328,27.299381,26.000408,34.50537,5.883170,
2016-03-05,16:27:23,155180073563,62347,3424A,16W10,61155,18007,3563,27.80977,272.607,174.240,84.660,12.116087,2485,9,4,9,4,11.985122,7.355310,24.201408,24.201408,27.508123,26.066746,33.77698,5.967210,
2016-03-05,16:28:52,155180073572,62347,3424A,16W10,61155,18007,3572,28.53816,267.555,174.819,83.792,12.147709,2461,7,4,7,4,12.138662,7.390114,24.200814,24.200815,26.462390,24.937536,34.42133,5.883170,
2016-03-05,16:30:22,155180073566,62347,3424A,16W10,61155,18007,3566,26.29696,267.731,174.240,84.226,12.339416,2544,10,4,10,4,12.328500,8.015199,24.201398,24.201398,27.842232,26.383244,32.06806,5.771100,
2016-03-05,16:31:54,155180073501,62347,3424A,16W10,61155,18007,3501,27.52962,269.952,173.082,83.792,12.429690,2488,12,4,12,4,12.417188,8.078387,24.201150,24.201149,28.222840,26.628696,33.60889,6.079270,
2016-03-05,16:36:03,155180073521,62347,3424A,16W10,61155,18007,3521,26.9413,267.635,172.504,83.792,12.387900,2482,14,4,14,4,12.330655,8.725161,24.201092,24.201091,29.437345,27.819746,33.91706,6.975760,
2016-03-05,16:37:36,155180073526,62347,3424A,16W10,61155,18007,3526,28.08992,270.493,173.661,83.792,12.220705,2464,12,4,12,4,12.238322,7.446200,24.201119,24.201119,27.597678,26.090936,34.30927,6.219350,
2016-03-05,16:39:18,155180073051,62347,3424A,16W10,61155,18007,3051,28.45411,274.098,173.082,84.660,12.343228,2461,12,4,12,4,12.324675,7.313566,24.200913,24.200913,30.072495,28.572995,34.39331,5.939200,
2016-03-05,16:40:50,155180072871,62347,3424A,16W10,61155,18007,2871,28.0619,276.478,174.240,85.962,12.443336,2434,22,4,22,4,12.427087,6.049196,24.201031,24.201031,28.528358,26.580359,35.00964,6.947740,
2016-03-05,16:42:30,155180072702,62347,3424A,16W10,61155,18007,2702,27.97786,273.349,172.504,84.660,12.484932,2436,24,4,24,4,12.496168,6.822024,24.201088,24.201087,30.790870,29.132710,34.98163,7.003770,
2016-03-05,16:44:12,155180072881,62347,3424A,16W10,61155,18007,2881,27.89381,266.794,174.240,84.660,12.349348,2464,15,4,15,4,12.350483,6.312137,24.201146,24.201148,29.335809,27.431307,34.25324,6.359430,
2016-03-05,16:45:51,155180072885,62347,3424A,16W10,61155,18007,2885,27.83778,270.967,174.819,84.660,12.462183,2452,21,4,21,4,12.453333,6.304218,24.200951,24.200950,28.431290,26.635552,34.53339,6.695610,
2016-03-05,16:47:28,155180072502,62347,3424A,16W10,61155,18007,2502,28.45411,269.517,172.504,84.226,12.318792,2449,13,4,13,4,12.336464,7.172708,24.201275,24.201274,29.837680,27.966443,34.67346,6.219350,
2016-03-05,16:49:02,155180072506,62347,3424A,16W10,61155,18007,2506,27.55763,272.627,172.504,84.226,12.134606,2500,8,4,8,4,12.110941,6.682906,24.200888,24.200888,28.614581,26.570441,33.38477,5.827140,
2016-03-05,16:50:32,155180072916,62347,3424A,16W10,61155,18007,2916,28.28602,272.069,172.504,85.962,12.290123,2471,9,4,9,4,12.194353,6.843053,24.201063,24.201064,27.623414,26.018596,34.16919,5.883170,
2016-03-05,16:52:02,155180073275,62347,3424A,16W10,61155,18007,3275,28.4261,267.122,173.082,84.226,12.394732,2439,19,4,19,4,12.398272,6.979439,24.201150,24.201150,28.709248,27.014517,34.9256,6.499500,
2016-03-05,16:53:38,155180073305,62347,3424A,16W10,61155,18007,3305,28.14595,271.397,173.082,84.660,12.336427,2475,9,4,9,4,12.077130,6.333572,24.201050,24.201050,28.088536,26.310455,34.0011,5.855150,
2016-03-05,16:54:39,155180073253,62347,3424A,16W10,61155,18007,3253,29.43464,274.568,171.346,83.792,12.171510,2428,9,4,9,4,12.190666,9.144240,24.201065,24.201065,26.633551,25.667205,35.34582,5.911180,
2016-03-05,16:56:09,155180073256,62347,3424A,16W10,61155,18007,3256,28.22999,268.759,173.082,82.923,12.213264,2477,8,4,8,4,12.220367,9.033735,24.201175,24.201175,26.943067,25.744411,33.97309,5.743100,
2016-03-05,16:57:39,155180073002,62347,3424A,16W10,61155,18007,3002,27.89381,274.010,171.925,84.660,12.417576,2473,12,4,12,4,12.379628,6.445671,24.200906,24.200906,28.384484,26.672577,34.02912,6.135310,
2016-03-05,16:59:11,155180073004,62347,3424A,16W10,61155,18007,3004,28.79029,275.263,173.082,84.226,12.331153,2452,9,4,9,4,12.331448,7.429984,24.201082,24.201081,29.042488,27.111315,34.64545,5.855160,
2016-03-05,17:42:55,155480047953,62347,3407A,16W10,61155,48004,7953,27.02535,271.255,171.925,84.226,12.148979,2507,9,4,9,4,12.231626,7.351185,24.201176,24.201176,28.132901,26.421717,33.13263,6.107280,
2016-03-05,17:44:41,155480047963,62347,3407A,16W10,61155,48004,7963,28.14595,270.448,172.504,83.792,12.094909,2470,7,4,7,4,12.095192,8.070173,24.201058,24.201059,27.422654,26.065952,34.14118,5.995230,
2016-03-05,17:47:47,155480047984,62347,3407A,16W10,61155,48004,7984,26.91329,273.573,174.240,84.226,12.429564,2523,9,4,9,4,12.546065,7.870682,24.200937,24.200937,28.757401,27.224395,32.65638,5.743090,
2016-03-05,17:49:15,155480048023,62347,3407A,16W10,61155,48004,8023,27.58565,268.441,173.082,84.226,12.121550,2488,8,4,8,4,12.118715,6.371584,24.201025,24.201025,28.352052,26.413929,33.72095,6.135300,
2016-03-05,17:50:46,155480048031,62347,3407A,16W10,61155,48004,8031,26.21291,269.499,173.661,84.226,12.394507,2539,11,4,11,4,12.343328,8.138041,24.201197,24.201197,27.350807,25.982920,32.26416,6.051250,
2016-03-05,17:55:36,155480048035,62347,3408A,16W10,61155,48004,8035,27.69771,268.040,173.661,84.226,12.492583,2480,12,4,12,4,12.896506,9.376144,24.201152,24.201151,28.808399,27.578641,33.83301,6.135300,
2016-03-05,17:57:30,155480048055,62347,3408A,16W10,61155,48004,8055,28.90236,271.150,173.661,84.226,12.410642,2430,12,4,12,4,12.417363,7.489636,24.201154,24.201154,30.377090,28.498627,35.26178,6.359420,
2016-03-05,17:59:00,155480048103,62347,3408A,16W10,61155,48004,8103,27.83778,267.343,172.504,83.792,12.017621,2489,8,4,8,4,12.002470,6.276058,24.201286,24.201286,28.704250,26.650992,33.69294,5.855160,
2016-03-05,18:01:34,155480048195,62347,3408A,16W10,61155,48004,8195,28.76228,265.877,169.609,84.226,11.967508,2448,6,4,6,4,11.962469,7.413012,24.201376,24.201375,27.827331,26.166999,34.72949,5.967210,
2016-03-05,18:04:11,155480048172,62347,3408A,16W10,61155,48004,8172,27.61366,272.311,175.398,83.792,12.152015,2486,6,4,6,4,12.167824,7.548445,24.201078,24.201077,27.229288,25.621462,33.72095,6.107290,
2016-03-05,18:05:52,155480048161,62347,3408A,16W10,61155,48004,8161,28.22999,265.125,173.661,83.792,12.224039,2464,10,4,10,4,12.184047,7.490417,24.200958,24.200957,28.096462,26.678136,34.39331,6.163320,
2016-03-05,18:07:42,155480048166,62347,3408A,16W10,61155,48004,8166,28.48213,270.116,173.082,83.792,11.783932,2461,6,4,6,4,11.741762,7.900476,24.201168,24.201168,27.248940,25.846349,34.42133,5.939200,
2016-03-05,18:09:28,155480048156,62347,3408A,16W10,61155,48004,8156,28.28602,269.125,174.819,83.357,12.118906,2467,8,4,8,4,12.094335,9.019605,24.200995,24.200994,27.416875,26.327877,34.33728,6.051260,
2016-03-05,18:11:36,155480048141,62347,3408A,16W10,61155,48004,8141,27.19344,271.823,174.819,82.489,11.740050,2493,6,4,6,4,11.690446,8.328412,24.201058,24.201058,27.189611,25.975833,33.58088,6.387440,
2016-03-05,18:13:33,155480048121,62347,3408A,16W10,61155,48004,8121,27.69771,271.787,173.082,83.792,12.316452,2481,7,4,7,4,12.349050,8.772799,24.201116,24.201116,27.591893,26.456586,33.88904,6.191330,
2016-03-05,18:15:03,155480048126,62347,3408A,16W10,61155,48004,8126,27.69771,271.522,172.504,83.792,12.303737,2485,8,4,8,4,12.275303,8.635761,24.200995,24.200994,26.954832,25.703205,33.86103,6.163320,
2016-03-05,18:16:38,155480048136,62347,3408A,16W10,61155,48004,8136,27.58565,265.779,173.661,84.226,12.478069,2479,9,4,9,4,12.455267,7.121729,24.201292,24.201291,28.345014,26.625319,34.0011,6.415450,
2016-03-05,18:18:10,155480047974,62347,3408A,16W10,61155,48004,7974,27.44557,270.621,174.819,84.226,12.454016,2482,14,4,14,4,12.463952,7.400490,24.201076,24.201076,27.840783,26.280530,33.77698,6.331410,
2016-03-05,18:45:40,142580086414,62662,6016A,16W10,61142,58008,6414,27.22145,312.545,167.294,12.210005,15.166290,11.938478,15.125484,2528,1097,20,27,17,27,925,641,528,13,27,11,27,14.815138,14.701186,24.060657,24.060656,32.436598,31.736691,32.54432,5.322870,
2016-03-05,18:47:19,142580086445,62662,6016A,16W10,61142,58008,6445,26.96932,310.767,166.136,12.167659,15.007833,11.806087,14.859276,2534,981,18,27,15,27,782,562,446,12,27,10,27,14.955630,14.836336,24.055039,24.055038,32.555520,31.728899,32.48829,5.518970,
2016-03-05,18:48:06,142580086462,62662,6016A,16W10,61142,58008,6462,26.82924,314.339,164.399,12.254496,14.983027,11.921546,14.973762,2538,1059,18,27,15,27,872,647,515,12,27,10,27,14.995945,14.953263,24.055027,24.055026,33.012756,32.237195,32.40424,5.575000,
2016-03-05,18:51:31,142580086476,62662,6016A,16W10,61142,58008,6476,26.71718,313.384,166.715,12.464814,15.202710,12.223783,15.186775,2542,1131,18,27,15,27,935,702,537,12,27,10,27,15.176105,15.183300,24.055040,24.055039,33.477057,32.730615,32.32019,5.603010,
2016-03-05,18:52:48,142580086484,62662,6016A,16W10,61142,58008,6484,27.97786,308.342,165.557,12.067318,15.163804,12.042268,14.975368,2499,1213,19,27,15,27,942,706,529,12,27,10,27,15.115357,14.987375,24.060638,24.060637,33.469422,32.568697,33.4408,5.462940,
2016-03-05,18:53:35,142580086491,62662,6016A,16W10,61142,58008,6491,27.55763,308.754,167.294,11.972363,15.269515,12.303942,15.219229,2507,1071,18,27,15,27,886,577,515,11,27,10,27,15.242148,15.183987,24.060648,24.060647,33.174765,32.600622,33.27271,5.715080,
2016-03-05,18:55:00,142580086495,62662,6016A,16W10,61142,58008,6495,27.69771,307.696,164.978,12.208376,15.077088,11.806814,15.237888,2513,1129,18,27,16,27,997,687,519,12,27,10,27,15.066058,15.229566,24.055020,24.055019,32.793680,32.403391,32.99256,5.294850,
2016-03-05,19:08:53,142580086506,62662,6016A,16W10,61142,58008,6506,23.46743,313.302,163.821,12.430536,15.193942,12.285398,15.163346,2662,1066,19,27,16,27,879,626,520,13,27,11,27,14.802293,14.485292,24.060674,24.060674,32.679719,31.747093,28.84632,5.378890,
2016-03-05,19:10:24,142580086526,62662,6016A,16W10,61142,58008,6526,27.89381,312.254,164.978,12.208215,14.920393,12.407902,14.950851,2509,987,16,27,14,27,839,588,520,11,27,10,27,14.878709,14.939147,24.055063,24.055062,32.502582,31.999938,33.18866,5.294850,
2016-03-05,19:12:11,142580086541,62662,6016A,16W10,61142,58008,6541,26.96932,313.673,164.399,12.250316,15.106490,12.490988,15.245686,2523,1152,20,27,18,27,1031,694,618,13,27,12,27,15.029788,15.201201,24.055010,24.055009,33.448050,33.221202,32.85248,5.883160,
2016-03-05,19:13:37,142580086546,62662,6016A,16W10,61142,58008,6546,26.66115,316.941,166.715,12.075757,14.973004,12.484561,15.244527,2539,1101,18,27,16,27,964,643,573,12,27,11,27,14.946653,15.197575,24.060662,24.060662,32.438672,32.035326,32.34821,5.687060,
2016-03-05,19:15:21,142580086551,62662,6016A,16W10,61142,58008,6551,27.05336,311.382,163.242,12.416993,15.018370,12.235182,15.221356,2523,1059,19,27,17,27,933,647,507,13,27,11,27,14.981617,15.200648,24.060669,24.060668,33.090034,32.865117,32.74043,5.687070,
2016-03-05,19:38:09,142580086454,62662,6016A,16W10,61142,58008,6454,27.47359,314.209,166.715,12.374858,14.932148,12.461888,14.945125,2511,1053,17,27,14,27,818,651,519,12,27,10,27,14.518658,14.382106,24.060716,24.060715,32.428635,31.458862,33.16065,5.687060,
2016-03-05,19:39:40,142580086564,62662,6016A,16W10,61142,58008,6564,26.96932,310.841,165.557,12.376538,15.248273,12.484977,15.113855,2525,1176,20,27,16,27,930,732,572,13,27,11,27,15.224513,15.089332,24.060636,24.060636,33.214495,31.978314,32.68439,5.715070,
2016-03-05,19:41:17,142580086424,62662,6016A,16W10,61142,58008,6424,28.00587,311.911,166.136,12.310532,15.130192,12.054383,15.097826,2485,1144,20,27,17,27,964,686,533,13,27,11,27,15.116502,15.111850,24.055070,24.055069,33.499301,32.974908,33.86103,5.855160,
2016-03-05,19:43:04,142580086575,62662,6016A,16W10,61142,58008,6575,27.38954,311.113,166.136,12.481375,15.135443,12.063356,15.042392,2515,1153,18,27,15,27,958,719,544,12,27,10,27,15.112589,15.058987,24.060590,24.060589,33.316950,32.544366,33.02057,5.631030,
2016-03-05,19:44:32,142580086592,62662,6016A,16W10,61142,58008,6592,27.10939,310.667,166.715,12.467978,15.260868,12.072673,15.023335,2537,1117,18,27,15,27,916,692,531,12,27,10,27,15.186913,15.022075,24.060692,24.060691,33.205144,32.451799,32.34821,5.238820,
2016-03-05,19:53:43,142580086583,62662,6016A,16W10,61142,58008,6583,25.23238,307.102,167.294,12.400723,15.162290,11.847318,15.274130,2605,1030,18,27,16,27,898,597,475,12,27,10,27,15.146762,15.256231,24.055053,24.055052,33.313877,32.895039,30.49922,5.266840,
2016-03-05,19:55:15,142580084632,62662,6016A,16W10,61142,58008,4632,27.5016,304.830,166.715,11.980903,15.030911,12.263298,14.947250,2523,1051,19,27,16,27,870,595,535,12,27,11,27,14.987982,14.937881,24.055013,24.055012,32.622129,31.997647,32.65638,5.154780,
2016-03-05,19:56:45,142580084651,62662,6016A,16W10,61142,58008,4651,27.38954,308.540,167.294,12.218348,15.236104,12.002340,14.890471,2515,1151,21,27,17,27,919,669,530,13,27,11,27,14.963145,14.492274,24.054956,24.054955,32.946240,32.015101,32.99256,5.603020,
2016-03-05,19:59:31,142580084665,62662,6016A,16W10,61142,58008,4665,27.16542,317.274,163.242,11.690931,15.023854,11.639606,14.796536,2530,972,14,27,12,27,808,539,464,9,18,8,18,14.984766,14.756200,24.060641,24.060641,32.368387,31.573713,32.60035,5.434930,
2016-03-05,20:01:28,142580084644,62662,6016A,16W10,61142,58008,4644,26.63314,305.395,167.294,12.187322,15.089800,11.761069,15.075637,2543,1020,16,27,14,27,849,597,465,11,27,9,27,15.076045,15.057123,24.055034,24.055033,32.563838,32.162930,32.29218,5.659040,
2016-03-05,20:03:18,142580084615,62662,6016A,16W10,61142,58008,4615,27.5016,309.829,163.821,12.299696,14.812922,12.213379,15.034829,2513,941,14,27,13,27,859,582,513,10,19,9,19,14.834034,15.000246,24.060555,24.060555,31.913843,31.652436,33.0766,5.575000,
2016-03-05,20:04:49,142580084605,62662,6016A,16W10,61142,58008,4605,27.47359,314.735,165.557,12.165885,15.182534,12.272273,15.102827,2515,938,15,27,13,27,787,547,488,10,20,9,20,15.162175,15.080958,24.055005,24.055005,32.463512,31.725287,33.10462,5.631030,
2016-03-05,20:06:08,142580084683,62662,6016A,16W10,61142,58008,4683,27.27748,317.651,167.294,12.341390,14.922280,12.388367,15.284121,2532,937,14,27,13,27,859,580,506,10,19,9,19,14.867698,15.280704,24.060578,24.060578,32.482876,32.490697,32.57233,5.294850,
2016-03-05,20:08:31,142580084533,62662,6016A,16W10,61142,58008,4533,27.75374,311.598,165.557,12.129755,15.144415,12.110229,14.945703,2515,1012,15,27,13,27,850,576,504,10,22,9,22,15.110004,14.940624,24.060660,24.060659,32.124634,31.407844,33.0766,5.322860,
2016-03-05,20:10:04,142580084693,62662,6016A,16W10,61142,58008,4693,27.66969,306.883,166.715,12.351927,15.002779,11.747562,15.160770,2506,950,16,27,14,27,816,578,454,11,27,9,27,14.980517,15.152288,24.060592,24.060591,32.471713,32.096064,33.27271,5.603020,
2016-03-05,20:12:07,142580084704,62662,6016A,16W10,61142,58008,4704,26.80123,310.987,166.715,11.805888,15.058507,11.992018,15.071614,2537,1008,17,27,15,27,848,528,466,11,27,10,27,15.016707,15.038781,24.055025,24.055024,32.232899,31.680063,32.40424,5.603010,
2016-03-05,20:17:56,142580084716,62662,6016A,16W10,61142,58008,4716,26.21291,311.175,164.978,12.009908,15.231025,12.038497,15.066422,2551,1024,17,27,15,27,883,579,514,11,27,10,27,15.179535,15.078940,24.060657,24.060656,31.741028,31.084228,32.04004,5.827130,
2016-03-05,20:19:58,142580084732,62662,6016A,16W10,61142,58008,4732,26.99733,309.563,167.294,12.287854,15.165978,12.375823,14.938597,2532,996,16,27,14,27,829,595,531,11,27,10,27,15.171456,14.909084,24.060535,24.060534,32.061564,31.392030,32.60035,5.603020,
2016-03-05,20:21:45,142580084723,62662,6016A,16W10,61142,58008,4723,26.80123,310.106,166.715,12.097036,15.190893,12.273027,14.995451,2533,1062,19,27,16,27,884,600,521,12,27,11,27,15.136074,14.500655,24.055044,24.055043,32.146384,31.345667,32.57233,5.771100,
2016-03-05,20:23:51,142580084745,62662,6016A,16W10,61142,58008,4745,26.99733,316.380,167.294,12.054578,15.085612,12.117228,14.949341,2534,868,15,27,13,27,707,475,414,10,22,9,22,15.054820,14.925250,24.055061,24.055061,31.949590,31.287401,32.57233,5.575000,
2016-03-05,20:25:47,142580084756,62662,6016A,16W10,61142,58008,4756,27.61366,310.129,166.715,12.073600,15.200372,12.202990,15.254416,2512,961,17,27,15,27,824,538,480,11,27,10,27,15.175502,15.223622,24.055010,24.055009,33.097510,32.782467,33.13263,5.518970,
2016-03-05,20:27:19,142580084765,62662,6016A,16W10,61142,58008,4765,27.19344,312.062,166.136,12.348824,15.088964,11.965261,14.971211,2517,935,18,27,15,27,768,560,455,12,27,10,27,15.053540,14.960051,24.055013,24.055013,32.539431,31.927005,32.96454,5.771100,
2016-03-05,20:29:52,142580084774,62662,6016A,16W10,61142,58008,4774,26.9413,311.225,167.294,12.283544,15.163815,12.034209,14.955215,2538,988,18,27,15,27,789,566,466,12,27,10,27,15.109283,14.950940,24.060598,24.060597,32.517968,31.648607,32.40424,5.462940,
2016-03-05,20:31:26,142580084784,62662,6016A,16W10,61142,58008,4784,28.00587,313.360,166.136,11.776676,15.152242,11.822492,15.016603,2501,1024,14,27,12,27,851,566,495,9,17,8,17,14.574123,14.313099,24.055037,24.055037,31.172106,30.290194,33.46881,5.462940,
2016-03-05,20:33:09,142580084793,62662,6016A,16W10,61142,58008,4793,27.22145,313.198,164.978,11.824080,15.017467,12.015960,15.097711,2530,977,17,27,15,27,842,545,486,11,27,10,27,14.989839,15.068624,24.060627,24.060626,32.340462,31.386116,32.57233,5.350880,
2016-03-05,20:34:35,142580084812,62662,6016A,16W10,61142,58008,4812,26.85726,312.182,162.663,11.844528,15.118460,12.329000,15.060731,2532,948,19,27,16,27,764,518,470,12,27,11,27,15.077726,14.626742,24.055004,24.055003,32.139721,31.490012,32.54432,5.687060,
2016-03-05,20:36:10,142580084822,62662,6016A,16W10,61142,58008,4822,27.41756,312.346,166.715,12.040796,15.005741,12.377358,15.178745,2519,911,15,27,13,27,762,517,457,10,22,9,22,14.998784,15.137277,24.060626,24.060625,32.986605,32.542589,32.96454,5.546980,
2016-03-05,20:37:50,142580084832,62662,6016A,16W10,61142,58008,4832,26.9413,315.143,166.136,12.453774,15.255052,12.086425,15.184127,2532,1048,18,27,15,27,876,662,509,12,27,10,27,14.862743,14.669252,24.060654,24.060653,32.226750,31.406651,32.5163,5.575000,
2016-03-05,20:42:55,142580084856,62662,6016A,16W10,61142,58008,4856,26.80123,315.750,166.715,12.274170,15.049306,12.417578,14.958078,2552,863,16,27,14,27,724,507,452,11,27,10,27,15.020202,14.968335,24.055046,24.055045,32.502946,32.041918,31.92798,5.126750,
2016-03-05,20:44:24,142580085472,62662,6016A,16W10,61142,58008,5472,26.85726,309.971,165.557,12.310783,15.098564,12.135117,15.079475,2536,1098,18,27,15,27,865,623,498,12,27,10,27,15.090893,15.043384,24.055008,24.055007,33.039444,32.283531,32.43225,5.574990,
2016-03-05,20:48:27,142580085501,62662,6016A,16W10,61142,58008,5501,26.82924,311.267,164.978,12.255356,15.229781,12.017666,15.230396,2526,1012,20,27,17,27,848,586,488,13,27,11,27,15.217400,15.222770,24.055061,24.055061,33.500981,32.930136,32.74043,5.911190,
2016-03-05,20:50:07,142580085481,62662,6016A,16W10,61142,58008,5481,27.24947,309.040,166.715,12.168401,14.989580,11.737063,15.277026,2524,1055,18,27,16,27,922,611,488,12,27,10,27,14.986580,15.230794,24.054991,24.054990,32.749832,32.411804,32.76844,5.518970,
2016-03-05,20:51:28,142580085486,62662,6016A,16W10,61142,58008,5486,27.10939,309.319,164.978,12.280324,15.161178,11.948428,14.921119,2525,1052,18,27,15,27,842,617,505,12,27,10,27,15.132878,14.931561,24.054973,24.054972,32.715676,31.863182,32.74043,5.631040,
2016-03-05,21:18:10,142580085524,62662,6016A,16W10,61142,58008,5524,23.24331,312.858,167.294,12.038308,15.161549,12.249921,15.065625,2657,1267,23,27,18,27,1000,740,601,14,27,12,27,15.123370,15.025031,24.055085,24.055084,33.060160,32.394341,29.07045,5.827140,
2016-03-05,21:19:41,142580085264,62662,6016A,16W10,61142,58008,5264,27.64168,311.610,164.399,12.390605,15.166172,11.843946,15.260123,2517,1003,16,27,14,27,854,607,469,11,27,9,27,15.161414,15.253282,24.055010,24.055009,33.259648,32.888015,32.90851,5.266830,
2016-03-05,21:21:46,142580085546,62662,6016A,16W10,61142,58008,5546,27.08138,314.538,163.242,12.431337,15.164545,11.995582,15.086064,2525,995,18,27,15,27,813,592,474,12,27,10,27,15.135187,15.037540,24.060625,24.060625,33.121665,32.363440,32.74043,5.659050,
2016-03-05,21:23:14,142580085444,62662,6016A,16W10,61142,58008,5444,27.19344,312.205,164.399,12.452971,15.152486,12.041102,15.140885,2536,1046,18,27,15,27,860,636,494,12,27,10,27,14.769270,14.629681,24.060656,24.060656,32.509938,31.778598,32.40424,5.210800,
2016-03-05,21:24:35,142580084955,62662,6016A,16W10,61142,58008,4955,26.77321,313.012,167.294,12.388279,15.110716,11.573955,15.063793,2546,1002,16,27,14,27,856,597,465,11,27,9,27,15.083781,15.071516,24.055071,24.055070,32.120230,31.685168,32.18012,5.406910,
2016-03-05,21:26:07,142580085536,62662,6016A,16W10,61142,58008,5536,26.88527,312.113,166.715,12.474357,15.104650,12.345542,15.105032,2533,934,19,27,16,27,765,562,466,13,27,11,27,14.766689,14.556034,24.060670,24.060669,32.603988,31.888653,32.5163,5.631030,
2016-03-05,21:27:47,142580085554,62662,6016A,16W10,61142,58008,5554,27.10939,316.537,165.557,12.142750,15.026705,12.060874,15.122019,2531,1157,18,27,15,27,945,688,533,12,27,10,27,15.027479,15.136981,24.055009,24.055009,32.626556,31.923262,32.57233,5.462940,
2016-03-05,21:29:07,142580085283,62662,6016A,16W10,61142,58008,5283,27.72572,312.804,166.715,11.998451,15.187762,12.308617,14.871414,2509,996,17,27,14,27,783,545,487,11,27,10,27,15.145190,14.837981,24.054986,24.054985,33.157328,32.143321,33.21668,5.490960,
2016-03-05,21:33:39,142580085566,62662,6016A,16W10,61142,58008,5566,26.60512,310.536,166.136,12.479692,14.997982,12.048657,15.086368,2544,889,17,27,15,27,747,552,451,12,27,10,27,14.997409,15.069163,24.060641,24.060640,33.270837,32.738768,32.23615,5.631030,
2016-03-05,21:35:11,142580085586,62662,6016A,16W10,61142,58008,5586,27.5016,311.375,166.715,12.444899,15.116645,12.035581,15.065159,2513,970,18,27,15,27,792,575,450,12,27,10,27,15.124061,15.066105,24.060612,24.060611,32.713346,31.996657,33.04859,5.546990,
2016-03-05,21:36:26,142580085615,62662,6016A,16W10,61142,58008,5615,27.41756,311.502,166.715,12.149429,15.295603,11.906894,15.051382,2503,1107,21,27,17,27,895,642,504,13,27,11,27,15.289186,14.655052,24.060678,24.060677,33.111106,32.203238,33.35675,5.939190,
2016-03-05,21:42:05,142580085621,62662,6016A,16W10,61142,58008,5621,27.5016,310.318,167.294,12.294923,15.272613,12.051341,15.077852,2524,1081,18,27,15,27,863,625,493,12,27,10,27,14.874986,14.598701,24.055023,24.055023,32.981291,31.927330,32.68439,5.182790,
2016-03-05,21:43:53,142580085322,62662,6016A,16W10,61142,58008,5322,27.10939,309.448,166.715,12.282941,15.156884,11.886885,14.952233,2524,1157,18,27,15,27,943,710,536,12,27,10,27,15.091204,14.942546,24.060522,24.060522,33.316977,32.475203,32.76844,5.659050,
2016-03-05,21:45:31,142580085631,62662,6016A,16W10,61142,58008,5631,27.16542,313.492,166.715,12.087953,15.120107,12.349668,14.953267,2516,1109,19,27,16,27,911,618,550,12,27,11,27,15.096792,14.930006,24.060560,24.060560,32.563144,31.877113,33.02057,5.855150,
2016-03-05,21:47:30,142580085653,62662,6016A,16W10,61142,58008,5653,26.63314,313.233,165.557,12.335197,15.211205,12.005260,15.150885,2530,1266,24,27,19,27,1020,792,574,15,27,12,27,15.177031,15.140699,24.055013,24.055012,34.080881,33.331168,32.60035,5.967210,
2016-03-05,21:49:06,142580085643,62662,6016A,16W10,61142,58008,5643,26.85726,310.579,167.294,11.900184,15.258298,12.231234,15.256511,2539,1043,18,27,15,27,854,544,484,11,27,10,27,14.882269,14.742545,24.060587,24.060587,32.518188,31.625196,32.34821,5.490950,
2016-03-05,21:51:17,142580085663,62662,6016A,16W10,61142,58008,5663,27.19344,315.730,165.557,11.976072,15.006731,12.413541,14.941463,2531,1043,17,27,14,27,854,599,529,11,27,10,27,14.998184,14.953154,24.060641,24.060640,33.472455,32.134252,32.62836,5.434920,
2016-03-05,21:52:34,142580083572,62662,6016A,16W10,61142,58008,3572,26.68917,314.385,162.663,12.358139,15.132595,11.898274,15.219440,2540,1092,18,27,16,27,956,644,507,12,27,10,27,15.128793,15.209107,24.060636,24.060635,33.515000,33.128088,32.29218,5.603010,
2016-03-05,21:54:36,142580083604,62662,6016A,16W10,61142,58008,3604,26.88527,312.555,164.978,12.200257,15.282395,11.929502,15.215899,2531,1186,19,27,16,27,979,682,536,12,27,10,27,15.248119,14.907988,24.055047,24.055047,33.031628,32.473786,32.62836,5.743090,
2016-03-05,21:56:10,142580083594,62662,6016A,16W10,61142,58008,3594,27.5016,312.897,165.557,12.157043,15.269372,11.755829,15.184383,2504,1071,19,27,16,27,887,580,467,12,27,10,27,15.252853,15.148313,24.060628,24.060627,33.802799,33.081844,33.41278,5.911180,
2016-03-05,21:57:26,142580083583,62662,6016A,16W10,61142,58008,3583,27.36153,306.181,163.821,12.248912,15.196021,12.488281,14.979632,2521,1063,17,27,14,27,853,599,528,11,27,10,27,15.180461,14.969182,24.055011,24.055010,33.681488,32.812666,32.85248,5.490950,
2016-03-05,21:58:37,142580083586,62662,6016A,16W10,61142,58008,3586,27.3055,314.314,166.136,11.994686,15.136387,12.066618,15.043775,2523,897,17,27,15,27,759,489,436,11,27,10,27,15.125653,15.047875,24.055021,24.055020,32.958241,32.518334,32.82447,5.518970,
2016-03-05,22:03:13,142580083616,62662,6016A,16W10,61142,58008,3616,25.76467,311.138,166.715,12.349075,15.271225,12.188004,15.077443,2582,1212,20,27,16,27,966,738,578,13,27,11,27,15.272300,15.062623,24.055024,24.055023,33.443508,32.364270,31.11555,5.350880,
2016-03-05,22:04:45,142580083626,62662,6016A,16W10,61142,58008,3626,28.20198,307.361,164.399,12.192627,15.269611,12.272613,14.910249,2484,1332,21,27,16,27,1014,806,633,13,27,11,27,15.261886,14.888136,24.060610,24.060609,34.243043,33.254852,33.83301,5.631030,
2016-03-05,22:07:03,142580083644,62662,6016A,16W10,61142,58008,3644,27.36153,316.031,166.715,12.264703,15.161201,11.888997,15.010161,2524,1107,20,27,17,27,931,662,522,13,27,11,27,15.142172,14.998201,24.060659,24.060658,33.671254,33.105940,32.74043,5.378900,
2016-03-05,22:10:35,142580083681,62662,6016A,16W10,61142,58008,3681,27.16542,312.590,166.715,11.676373,14.982806,11.615379,14.751703,2536,884,14,27,12,27,720,490,431,9,18,8,18,14.439260,14.136883,24.055064,24.055063,32.712770,31.959120,32.46027,5.294850,
2016-03-05,22:12:26,142580083686,62662,6016A,16W10,61142,58008,3686,27.89381,308.318,166.136,12.114946,15.262815,12.261007,14.805960,2511,919,17,27,14,27,705,502,448,11,27,10,27,15.269950,14.795233,24.060653,24.060653,32.263088,31.232595,33.13263,5.238820,
2016-03-05,22:25:20,142580083705,62662,6016A,16W10,61142,58008,3705,23.63552,311.115,165.557,12.431232,15.089328,11.808509,15.206425,2664,933,16,27,14,27,806,577,466,11,27,9,27,14.702331,14.655871,24.055015,24.055014,31.571275,30.815310,28.84632,5.210800,
2016-03-05,22:27:25,142580083711,62662,6016A,16W10,61142,58008,3711,27.64168,312.412,165.557,12.425506,15.058161,11.755064,15.105885,2510,988,16,27,14,27,855,611,487,11,27,9,27,15.016900,15.081167,24.060641,24.060641,32.463079,31.868779,33.16065,5.518970,
2016-03-05,22:28:59,142580083731,62662,6016A,16W10,61142,58008,3731,27.24947,310.376,164.399,12.070070,15.256716,12.494796,15.185256,2517,1159,19,27,16,27,968,667,588,12,27,11,27,15.215161,14.702227,24.055004,24.055003,33.592232,32.858609,32.93653,5.687060,
2016-03-05,22:30:14,142580083736,62662,6016A,16W10,61142,58008,3736,26.85726,310.995,166.136,12.264133,15.135290,12.020249,15.112126,2526,1095,20,27,17,27,929,647,528,13,27,11,27,15.136185,15.074192,24.055020,24.055020,33.836495,33.432614,32.71241,5.855150,
2016-03-05,22:31:49,142580083636,62662,6016A,16W10,61142,58008,3636,27.27748,311.539,163.242,12.215629,15.122440,12.076624,15.087959,2516,1017,18,27,15,27,810,567,443,12,27,10,27,15.083761,15.095327,24.060609,24.060608,33.171020,32.414001,33.04859,5.771110,
2016-03-05,22:33:52,142580083782,62662,6016A,16W10,61142,58008,3782,27.10939,310.167,166.715,12.021554,15.234794,12.132557,15.193914,2526,917,17,27,15,27,783,502,449,11,27,10,27,15.243604,15.178694,24.055020,24.055019,32.499348,31.911245,32.74043,5.631040,
2016-03-05,22:38:04,142580083755,62662,6016A,16W10,61142,58008,3755,26.85726,311.637,166.136,12.390380,14.984571,12.179441,14.941815,2529,1103,19,27,16,27,919,706,546,13,27,11,27,14.618481,14.478715,24.060618,24.060617,33.049088,32.199507,32.60035,5.743090,
2016-03-05,22:39:18,142580083794,62662,6016A,16W10,61142,58008,3794,27.44557,310.287,164.399,12.146838,14.962509,12.484989,15.165892,2512,968,18,27,16,27,841,555,497,12,27,11,27,14.558943,14.279546,24.060645,24.060644,32.201311,31.799302,33.10462,5.659050,
2016-03-05,22:40:39,142580083773,62662,6016A,16W10,61142,58008,3773,27.22145,309.675,167.294,12.362691,15.266130,12.226136,15.019948,2519,1066,20,27,16,27,839,617,506,13,27,11,27,15.222113,14.495461,24.054816,24.054813,32.881122,31.866476,32.8805,5.659050,
2016-03-05,22:42:28,142580083813,62662,6016A,16W10,61142,58008,3813,27.80977,310.584,164.978,12.234772,15.198108,12.431911,14.924012,2495,1271,22,27,17,27,983,781,621,14,27,12,27,15.167888,14.936026,24.055032,24.055031,33.420943,32.489667,33.52485,5.715080,
2016-03-05,23:04:40,142580083823,62662,6016A,16W10,61142,58008,3823,22.79507,309.655,165.557,12.155768,15.264669,12.439109,15.014072,2685,1129,19,27,16,27,930,633,574,12,27,11,27,15.205252,14.650287,24.055053,24.055052,33.380912,32.653293,28.28602,5.490950,
2016-03-05,23:05:36,142580083825,62662,6016A,16W10,61142,58008,3825,25.65261,310.963,167.294,12.399965,15.161816,12.095961,15.091331,2576,1038,20,27,17,27,870,614,510,13,27,11,27,15.159194,14.706885,24.055042,24.055042,33.267663,32.618303,31.25562,5.603010,
2016-03-05,23:06:51,142580083833,62662,6016A,16W10,61142,58008,3833,27.75374,308.111,164.399,12.207932,15.131833,12.303419,15.086534,2512,1185,22,27,18,27,960,694,563,14,27,12,27,15.107157,15.103219,24.054958,24.054957,33.732316,33.179923,32.90851,5.154770,
2016-03-05,23:09:27,142580083842,62662,6016A,16W10,61142,58008,3842,26.57711,311.330,166.136,12.429358,15.085220,12.460373,14.964951,2544,1138,21,27,17,27,922,712,566,14,27,12,27,15.030246,14.978292,24.060687,24.060687,33.742630,33.148980,32.12409,5.546980,
2016-03-05,23:10:23,142580083845,62662,6016A,16W10,61142,58008,3845,26.96932,309.850,162.084,12.242383,15.107059,11.975267,15.148655,2531,1120,20,27,17,27,938,636,500,13,27,11,27,15.098397,15.134270,24.060656,24.060655,33.996742,33.550335,32.54432,5.575000,
2016-03-05,23:12:06,142580083743,62662,6016A,16W10,61142,58008,3743,27.64168,310.805,164.399,12.446067,15.130874,11.966831,15.016232,2528,1029,18,27,15,27,853,628,497,12,27,10,27,15.158816,14.997653,24.055040,24.055039,32.725931,31.963928,32.5163,4.874620,
2016-03-05,23:13:55,142580084433,62662,6016A,16W10,61142,58008,4433,26.88527,313.108,166.715,12.031929,15.142353,12.135171,15.124692,2554,974,17,27,15,27,842,537,477,11,27,10,27,15.116838,15.097865,24.060650,24.060649,31.938095,31.304914,31.84394,4.958670,
2016-03-05,23:15:35,142580084443,62662,6016A,16W10,61142,58008,4443,27.52962,312.886,166.136,12.437738,15.041210,12.164501,14.951116,2523,1055,19,27,16,27,879,675,515,13,27,11,27,14.678343,14.519777,24.060643,24.060642,32.143369,31.456186,32.71241,5.182790,
2016-03-05,23:17:08,142580084193,62662,6016A,16W10,61142,58008,4193,27.75374,304.219,164.978,12.168063,15.111754,11.852626,14.816082,2521,1098,18,27,15,27,885,640,506,12,27,10,27,15.131814,14.864493,24.060609,24.060609,32.474576,31.584000,32.76844,5.014700,
2016-03-05,23:18:35,142580084383,62662,6016A,16W10,61142,58008,4383,27.08138,310.027,165.557,12.071274,15.245769,12.459549,15.172769,2541,1194,19,27,16,27,995,692,613,12,27,11,27,15.250152,15.142289,24.054929,24.054929,33.489417,32.253791,32.20813,5.126750,
2016-03-05,23:20:06,142580084453,62662,6016A,16W10,61142,58008,4453,26.68917,311.244,167.294,12.087482,15.070947,11.651201,15.005642,2560,1137,17,27,14,27,932,676,509,11,27,9,27,15.063704,14.975493,24.055017,24.055016,32.748394,31.983144,31.70386,5.014690,
2016-03-05,23:21:49,142580084473,62662,6016A,16W10,61142,58008,4473,27.38954,309.482,167.294,12.188304,15.030752,12.338725,14.994102,2536,1046,18,27,16,27,916,616,557,12,27,11,27,15.025391,14.540940,24.060665,24.060664,32.731691,32.212804,32.29218,4.902640,
2016-03-05,23:23:24,142580084463,62662,6016A,16W10,61142,58008,4463,27.27748,307.923,166.136,12.398351,15.112439,12.439019,15.032790,2531,1088,18,27,16,27,962,678,588,12,27,11,27,15.102347,15.041308,24.054982,24.054982,32.697765,32.142858,32.43225,5.154770,
2016-03-05,23:28:21,142580084353,62662,6016A,16W10,61142,58008,4353,25.51253,304.028,166.715,12.020997,15.080459,12.280317,15.275282,2592,1003,17,27,15,27,870,569,509,11,27,10,27,14.704321,14.816716,24.060656,24.060655,31.903731,31.345384,30.86341,5.350880,
2016-03-05,23:29:57,142580084356,62662,6016A,16W10,61142,58008,4356,24.70009,307.892,166.715,12.279269,15.253251,12.217575,15.192652,2622,991,17,27,15,27,876,575,517,11,27,10,27,15.206953,15.174055,24.060663,24.060662,31.722404,31.153866,30.02296,5.322870,
2016-03-05,23:32:28,142580084412,62662,6016A,16W10,61142,58008,4412,25.40047,312.860,165.557,12.092855,15.291529,11.932067,15.159436,2593,1268,21,27,17,27,1038,751,584,13,27,11,27,15.297709,14.774070,24.060649,24.060649,33.307464,32.485932,30.80738,5.406910,
2016-03-05,23:33:51,142580084422,62662,6016A,16W10,61142,58008,4422,28.08992,312.868,165.557,12.274071,14.992430,12.411647,14.947797,2514,954,16,27,14,27,807,562,494,11,27,10,27,14.989924,14.928080,24.055042,24.055041,32.072900,31.579405,32.93653,4.846610,
2016-03-05,23:35:21,142580084492,62662,6016A,16W10,61142,58008,4492,27.64168,311.241,167.294,11.942733,14.989313,12.198883,15.247324,2522,981,17,27,15,27,868,572,519,11,27,10,27,14.974054,15.240379,24.055012,24.055012,32.413242,32.267686,32.74043,5.098750,
2016-03-05,23:36:59,142580084502,62662,6016A,16W10,61142,58008,4502,27.36153,311.266,162.084,12.046340,15.108501,12.182938,15.184425,2539,1006,17,27,15,27,876,566,496,11,27,10,27,15.142147,15.165972,24.060655,24.060655,32.236955,31.881411,32.23615,4.874620,
2016-03-05,23:38:31,142580084512,62662,6016A,16W10,61142,58008,4512,27.44557,312.885,166.715,12.039069,15.209364,12.177062,15.236256,2527,906,17,27,15,27,779,503,451,11,27,10,27,15.177706,15.239189,24.055018,24.055017,32.185407,31.860196,32.60035,5.154780,
2016-03-05,23:43:30,142580084482,62662,6016A,16W10,61142,58008,4482,25.37246,309.795,164.399,12.348398,15.209462,12.110888,15.198580,2607,979,16,27,15,27,887,548,482,11,27,10,27,15.201576,15.165133,24.060587,24.060586,33.232715,32.795287,30.41517,5.042710,
2016-03-05,23:45:13,142580084523,62662,6016A,16W10,61142,58008,4523,27.75374,308.416,166.715,12.302488,15.219088,12.275557,15.201400,2509,1155,22,27,18,27,938,673,548,14,27,12,27,15.226470,15.183342,24.060557,24.060556,33.426594,32.840361,33.04859,5.294850,
2016-03-05,23:46:38,142580084213,62662,6016A,16W10,61142,58008,4213,26.9413,315.133,163.242,12.136440,15.077172,11.815967,14.918268,2533,979,18,27,15,27,772,563,460,12,27,10,27,15.105206,14.905087,24.055031,24.055030,32.385860,31.676402,32.37622,5.434920,
2016-03-05,23:48:17,142580084274,62662,6016A,16W10,61142,58008,4274,27.52962,309.470,165.557,12.329548,15.206217,12.025023,15.173459,2508,1057,20,27,17,27,880,612,497,13,27,11,27,15.177987,14.750544,24.055034,24.055033,32.928210,32.382154,33.13263,5.603010,
2016-03-05,23:49:32,142580084543,62662,6016A,16W10,61142,58008,4543,27.80977,310.005,166.136,11.925042,15.019940,12.080770,15.051884,2504,982,17,27,15,27,852,545,481,11,27,10,27,14.986422,15.068541,24.060658,24.060657,32.228194,31.882620,33.27271,5.462940,
2016-03-05,23:50:23,142580084546,62662,6016A,16W10,61142,58008,4546,28.48213,313.052,165.557,12.369417,15.046367,11.847606,15.127571,2480,991,19,27,17,27,876,598,471,13,27,11,27,14.718062,14.711205,24.055033,24.055032,31.993987,31.480559,33.97309,5.490960,
2016-03-05,23:51:44,142580084553,62662,6016A,16W10,61142,58008,4553,27.5016,312.685,166.136,11.920849,15.079351,12.204127,15.055676,2519,1043,19,27,16,27,865,581,503,12,27,11,27,15.076268,15.035343,24.060563,24.060562,32.954280,32.189641,32.82447,5.322870,
2016-03-05,23:54:02,142580084565,62662,6016A,16W10,61142,58008,4565,27.24947,309.851,166.715,12.237099,15.136157,12.356595,15.121370,2523,872,18,27,16,27,757,493,447,12,27,11,27,15.171604,15.142782,24.060624,24.060624,31.990990,30.866677,32.79645,5.546980,
2016-03-05,23:55:23,142580084555,62662,6016A,16W10,61142,58008,4555,27.19344,311.772,165.557,12.285389,15.112967,11.922687,14.854548,2533,1071,18,27,15,27,852,609,488,12,27,10,27,15.064912,14.855109,24.060628,24.060627,33.220722,32.392932,32.46027,5.266830,
2016-03-05,23:57:02,142580084216,62662,6016A,16W10,61142,58008,4216,25.03627,312.198,164.978,12.135353,15.261463,12.257927,15.262077,2614,1112,17,27,15,27,970,632,570,11,27,10,27,15.233668,15.273452,24.055035,24.055034,32.720005,32.320352,30.19105,5.154780,
2016-03-05,23:58:31,142580084574,62662,6016A,16W10,61142,58008,4574,26.32497,309.476,166.136,11.875965,15.043908,12.216643,15.262097,2570,906,17,27,15,27,773,486,438,11,27,10,27,15.017600,15.235901,24.060629,24.060628,32.878324,32.519673,31.42371,5.098740,